driver,constructor,track,country,city,year
Nino Farina,Alfa Romeo,Silverstone Circuit,UK,Silverstone,1950
Juan Fangio,Alfa Romeo,Circuit de Monaco,Monaco,Monte-Carlo,1950
Johnnie Parsons,Kurtis Kraft,Indianapolis Motor Speedway,USA,Indianapolis,1950
Nino Farina,Alfa Romeo,Circuit Bremgarten,Switzerland,Bern,1950
Juan Fangio,Alfa Romeo,Circuit de Spa-Francorchamps,Belgium,Spa,1950
Juan Fangio,Alfa Romeo,Reims-Gueux,France,Reims,1950
Nino Farina,Alfa Romeo,Autodromo Nazionale di Monza,Italy,Monza,1950
Juan Fangio,Alfa Romeo,Circuit Bremgarten,Switzerland,Bern,1951
Lee Wallard,Kurtis Kraft,Indianapolis Motor Speedway,USA,Indianapolis,1951
Nino Farina,Alfa Romeo,Circuit de Spa-Francorchamps,Belgium,Spa,1951
Luigi Fagioli,Alfa Romeo,Reims-Gueux,France,Reims,1951
José Froilán González,Ferrari,Silverstone Circuit,UK,Silverstone,1951
Alberto Ascari,Ferrari,Nürburgring,Germany,Nürburg,1951
Alberto Ascari,Ferrari,Autodromo Nazionale di Monza,Italy,Monza,1951
Juan Fangio,Alfa Romeo,Circuit de Pedralbes,Spain,Barcelona,1951
Juan Fangio,Alfa Romeo,Reims-Gueux,France,Reims,1951
Piero Taruffi,Ferrari,Circuit Bremgarten,Switzerland,Bern,1952
Troy Ruttman,Kuzma,Indianapolis Motor Speedway,USA,Indianapolis,1952
Alberto Ascari,Ferrari,Circuit de Spa-Francorchamps,Belgium,Spa,1952
Alberto Ascari,Ferrari,Rouen-Les-Essarts,France,Rouen,1952
Alberto Ascari,Ferrari,Silverstone Circuit,UK,Silverstone,1952
Alberto Ascari,Ferrari,Nürburgring,Germany,Nürburg,1952
Alberto Ascari,Ferrari,Circuit Park Zandvoort,Netherlands,Zandvoort,1952
Alberto Ascari,Ferrari,Autodromo Nazionale di Monza,Italy,Monza,1952
Alberto Ascari,Ferrari,Autódromo Juan y Oscar Gálvez,Argentina,Buenos Aires,1953
Bill Vukovich,Kurtis Kraft,Indianapolis Motor Speedway,USA,Indianapolis,1953
Alberto Ascari,Ferrari,Circuit Park Zandvoort,Netherlands,Zandvoort,1953
Alberto Ascari,Ferrari,Circuit de Spa-Francorchamps,Belgium,Spa,1953
Mike Hawthorn,Ferrari,Reims-Gueux,France,Reims,1953
Alberto Ascari,Ferrari,Silverstone Circuit,UK,Silverstone,1953
Nino Farina,Ferrari,Nürburgring,Germany,Nürburg,1953
Alberto Ascari,Ferrari,Circuit Bremgarten,Switzerland,Bern,1953
Juan Fangio,Maserati,Autodromo Nazionale di Monza,Italy,Monza,1953
Juan Fangio,Maserati,Autódromo Juan y Oscar Gálvez,Argentina,Buenos Aires,1954
Bill Vukovich,Kurtis Kraft,Indianapolis Motor Speedway,USA,Indianapolis,1954
Juan Fangio,Maserati,Circuit de Spa-Francorchamps,Belgium,Spa,1954
Juan Fangio,Mercedes,Reims-Gueux,France,Reims,1954
José Froilán González,Ferrari,Silverstone Circuit,UK,Silverstone,1954
Juan Fangio,Mercedes,Nürburgring,Germany,Nürburg,1954
Juan Fangio,Mercedes,Circuit Bremgarten,Switzerland,Bern,1954
Juan Fangio,Mercedes,Autodromo Nazionale di Monza,Italy,Monza,1954
Mike Hawthorn,Ferrari,Circuit de Pedralbes,Spain,Barcelona,1954
Juan Fangio,Mercedes,Autódromo Juan y Oscar Gálvez,Argentina,Buenos Aires,1955
Maurice Trintignant,Ferrari,Circuit de Monaco,Monaco,Monte-Carlo,1955
Bob Sweikert,Kurtis Kraft,Indianapolis Motor Speedway,USA,Indianapolis,1955
Juan Fangio,Mercedes,Circuit de Spa-Francorchamps,Belgium,Spa,1955
Juan Fangio,Mercedes,Circuit Park Zandvoort,Netherlands,Zandvoort,1955
Stirling Moss,Mercedes,Aintree,UK,Liverpool,1955
Juan Fangio,Mercedes,Autodromo Nazionale di Monza,Italy,Monza,1955
Luigi Musso,Ferrari,Autódromo Juan y Oscar Gálvez,Argentina,Buenos Aires,1956
Stirling Moss,Maserati,Circuit de Monaco,Monaco,Monte-Carlo,1956
Pat Flaherty,Watson,Indianapolis Motor Speedway,USA,Indianapolis,1956
Peter Collins,Ferrari,Circuit de Spa-Francorchamps,Belgium,Spa,1956
Peter Collins,Ferrari,Reims-Gueux,France,Reims,1956
Juan Fangio,Ferrari,Silverstone Circuit,UK,Silverstone,1956
Juan Fangio,Ferrari,Nürburgring,Germany,Nürburg,1956
Stirling Moss,Maserati,Autodromo Nazionale di Monza,Italy,Monza,1956
Juan Fangio,Ferrari,Autódromo Juan y Oscar Gálvez,Argentina,Buenos Aires,1956
Juan Fangio,Maserati,Autódromo Juan y Oscar Gálvez,Argentina,Buenos Aires,1957
Juan Fangio,Maserati,Circuit de Monaco,Monaco,Monte-Carlo,1957
Sam Hanks,Epperly,Indianapolis Motor Speedway,USA,Indianapolis,1957
Juan Fangio,Maserati,Rouen-Les-Essarts,France,Rouen,1957
Tony Brooks,Vanwall,Aintree,UK,Liverpool,1957
Juan Fangio,Maserati,Nürburgring,Germany,Nürburg,1957
Stirling Moss,Vanwall,Pescara Circuit,Italy,Pescara,1957
Stirling Moss,Vanwall,Autodromo Nazionale di Monza,Italy,Monza,1957
Stirling Moss,Vanwall,Aintree,UK,Liverpool,1957
Stirling Moss,Cooper,Autódromo Juan y Oscar Gálvez,Argentina,Buenos Aires,1958
Maurice Trintignant,Cooper,Circuit de Monaco,Monaco,Monte-Carlo,1958
Stirling Moss,Vanwall,Circuit Park Zandvoort,Netherlands,Zandvoort,1958
Jimmy Bryan,Epperly,Indianapolis Motor Speedway,USA,Indianapolis,1958
Tony Brooks,Vanwall,Circuit de Spa-Francorchamps,Belgium,Spa,1958
Mike Hawthorn,Ferrari,Reims-Gueux,France,Reims,1958
Peter Collins,Ferrari,Silverstone Circuit,UK,Silverstone,1958
Tony Brooks,Vanwall,Nürburgring,Germany,Nürburg,1958
Stirling Moss,Vanwall,Circuito da Boavista,Portugal,Oporto,1958
Tony Brooks,Vanwall,Autodromo Nazionale di Monza,Italy,Monza,1958
Stirling Moss,Vanwall,Ain Diab,Morocco,Casablanca,1958
Jack Brabham,Cooper-Climax,Circuit de Monaco,Monaco,Monte-Carlo,1959
Rodger Ward,Watson,Indianapolis Motor Speedway,USA,Indianapolis,1959
Jo Bonnier,BRM,Circuit Park Zandvoort,Netherlands,Zandvoort,1959
Tony Brooks,Ferrari,Reims-Gueux,France,Reims,1959
Jack Brabham,Cooper-Climax,Aintree,UK,Liverpool,1959
Tony Brooks,Ferrari,AVUS,Germany,Berlin,1959
Stirling Moss,Cooper-Climax,Monsanto Park Circuit,Portugal,Lisbon,1959
Stirling Moss,Cooper-Climax,Autodromo Nazionale di Monza,Italy,Monza,1959
Bruce McLaren,Cooper-Climax,Sebring International Raceway,USA,Florida,1959
Bruce McLaren,Cooper-Climax,Autódromo Juan y Oscar Gálvez,Argentina,Buenos Aires,1960
Stirling Moss,Team Lotus,Circuit de Monaco,Monaco,Monte-Carlo,1960
Jim Rathmann,Watson,Indianapolis Motor Speedway,USA,Indianapolis,1960
Jack Brabham,Cooper-Climax,Circuit Park Zandvoort,Netherlands,Zandvoort,1960
Jack Brabham,Cooper-Climax,Circuit de Spa-Francorchamps,Belgium,Spa,1960
Jack Brabham,Cooper-Climax,Reims-Gueux,France,Reims,1960
Jack Brabham,Cooper-Climax,Silverstone Circuit,UK,Silverstone,1960
Jack Brabham,Cooper-Climax,Circuito da Boavista,Portugal,Oporto,1960
Phil Hill,Ferrari,Autodromo Nazionale di Monza,Italy,Monza,1960
Stirling Moss,Team Lotus,Riverside International Raceway,USA,California,1960
Stirling Moss,Lotus-Climax,Circuit de Monaco,Monaco,Monte-Carlo,1961
Wolfgang von Trips,Ferrari,Circuit Park Zandvoort,Netherlands,Zandvoort,1961
Phil Hill,Ferrari,Circuit de Spa-Francorchamps,Belgium,Spa,1961
Giancarlo Baghetti,Ferrari,Reims-Gueux,France,Reims,1961
Wolfgang von Trips,Ferrari,Aintree,UK,Liverpool,1961
Stirling Moss,Lotus-Climax,Nürburgring,Germany,Nürburg,1961
Phil Hill,Ferrari,Autodromo Nazionale di Monza,Italy,Monza,1961
Innes Ireland,Lotus-Climax,Watkins Glen,USA,New York State,1961
Graham Hill,BRM,Circuit Park Zandvoort,Netherlands,Zandvoort,1962
Bruce McLaren,Cooper-Climax,Circuit de Monaco,Monaco,Monte-Carlo,1962
Jim Clark,Lotus-Climax,Circuit de Spa-Francorchamps,Belgium,Spa,1962
Dan Gurney,Porsche,Rouen-Les-Essarts,France,Rouen,1962
Jim Clark,Lotus-Climax,Aintree,UK,Liverpool,1962
Graham Hill,BRM,Nürburgring,Germany,Nürburg,1962
Graham Hill,BRM,Autodromo Nazionale di Monza,Italy,Monza,1962
Jim Clark,Lotus-Climax,Watkins Glen,USA,New York State,1962
Graham Hill,BRM,Prince George Circuit,South Africa,Eastern Cape Province,1962
Graham Hill,BRM,Circuit de Monaco,Monaco,Monte-Carlo,1963
Jim Clark,Lotus-Climax,Circuit de Spa-Francorchamps,Belgium,Spa,1963
Jim Clark,Lotus-Climax,Circuit Park Zandvoort,Netherlands,Zandvoort,1963
Jim Clark,Lotus-Climax,Reims-Gueux,France,Reims,1963
Jim Clark,Lotus-Climax,Silverstone Circuit,UK,Silverstone,1963
John Surtees,Ferrari,Nürburgring,Germany,Nürburg,1963
Jim Clark,Lotus-Climax,Autodromo Nazionale di Monza,Italy,Monza,1963
Graham Hill,BRM,Watkins Glen,USA,New York State,1963
Jim Clark,Lotus-Climax,Autódromo Hermanos Rodríguez,Mexico,Mexico City,1963
Jim Clark,Lotus-Climax,Prince George Circuit,South Africa,Eastern Cape Province,1963
Graham Hill,BRM,Circuit de Monaco,Monaco,Monte-Carlo,1964
Jim Clark,Lotus-Climax,Circuit Park Zandvoort,Netherlands,Zandvoort,1964
Jim Clark,Lotus-Climax,Circuit de Spa-Francorchamps,Belgium,Spa,1964
Dan Gurney,Brabham-Climax,Rouen-Les-Essarts,France,Rouen,1964
Jim Clark,Lotus-Climax,Brands Hatch,UK,Kent,1964
John Surtees,Ferrari,Nürburgring,Germany,Nürburg,1964
Lorenzo Bandini,Ferrari,Zeltweg,Austria,Styria,1964
John Surtees,Ferrari,Autodromo Nazionale di Monza,Italy,Monza,1964
Graham Hill,BRM,Watkins Glen,USA,New York State,1964
Dan Gurney,Brabham-Climax,Autódromo Hermanos Rodríguez,Mexico,Mexico City,1964
Jim Clark,Lotus-Climax,Prince George Circuit,South Africa,Eastern Cape Province,1965
Graham Hill,BRM,Circuit de Monaco,Monaco,Monte-Carlo,1965
Jim Clark,Lotus-Climax,Circuit de Spa-Francorchamps,Belgium,Spa,1965
Jim Clark,Lotus-Climax,Charade Circuit,France,Clermont-Ferrand,1965
Jim Clark,Lotus-Climax,Silverstone Circuit,UK,Silverstone,1965
Jim Clark,Lotus-Climax,Circuit Park Zandvoort,Netherlands,Zandvoort,1965
Jim Clark,Lotus-Climax,Nürburgring,Germany,Nürburg,1965
Jackie Stewart,BRM,Autodromo Nazionale di Monza,Italy,Monza,1965
Graham Hill,BRM,Watkins Glen,USA,New York State,1965
Richie Ginther,Honda,Autódromo Hermanos Rodríguez,Mexico,Mexico City,1965
Jackie Stewart,BRM,Circuit de Monaco,Monaco,Monte-Carlo,1966
John Surtees,Ferrari,Circuit de Spa-Francorchamps,Belgium,Spa,1966
Jack Brabham,Brabham-Repco,Reims-Gueux,France,Reims,1966
Jack Brabham,Brabham-Repco,Brands Hatch,UK,Kent,1966
Jack Brabham,Brabham-Repco,Circuit Park Zandvoort,Netherlands,Zandvoort,1966
Jack Brabham,Brabham-Repco,Nürburgring,Germany,Nürburg,1966
Ludovico Scarfiotti,Ferrari,Autodromo Nazionale di Monza,Italy,Monza,1966
Jim Clark,Lotus-BRM,Watkins Glen,USA,New York State,1966
John Surtees,Cooper-Maserati,Autódromo Hermanos Rodríguez,Mexico,Mexico City,1966
Pedro Rodríguez,Cooper-Maserati,Kyalami,South Africa,Midrand,1967
Denny Hulme,Brabham-Repco,Circuit de Monaco,Monaco,Monte-Carlo,1967
Jim Clark,Lotus-Ford,Circuit Park Zandvoort,Netherlands,Zandvoort,1967
Dan Gurney,Eagle-Weslake,Circuit de Spa-Francorchamps,Belgium,Spa,1967
Jack Brabham,Brabham-Repco,Le Mans,France,Le Mans,1967
Jim Clark,Lotus-Ford,Silverstone Circuit,UK,Silverstone,1967
Denny Hulme,Brabham-Repco,Nürburgring,Germany,Nürburg,1967
Jack Brabham,Brabham-Repco,Mosport International Raceway,Canada,Ontario,1967
John Surtees,Honda,Autodromo Nazionale di Monza,Italy,Monza,1967
Jim Clark,Lotus-Ford,Watkins Glen,USA,New York State,1967
Jim Clark,Lotus-Ford,Autódromo Hermanos Rodríguez,Mexico,Mexico City,1967
Jim Clark,Lotus-Ford,Kyalami,South Africa,Midrand,1968
Graham Hill,Lotus-Ford,Jarama,Spain,Madrid,1968
Graham Hill,Lotus-Ford,Circuit de Monaco,Monaco,Monte-Carlo,1968
Bruce McLaren,McLaren-Ford,Circuit de Spa-Francorchamps,Belgium,Spa,1968
Jackie Stewart,Matra-Ford,Circuit Park Zandvoort,Netherlands,Zandvoort,1968
Jacky Ickx,Ferrari,Rouen-Les-Essarts,France,Rouen,1968
Jo Siffert,Lotus-Ford,Brands Hatch,UK,Kent,1968
Jackie Stewart,Matra-Ford,Nürburgring,Germany,Nürburg,1968
Denny Hulme,McLaren-Ford,Autodromo Nazionale di Monza,Italy,Monza,1968
Denny Hulme,McLaren-Ford,Circuit Mont-Tremblant,Canada,Quebec,1968
Jackie Stewart,Matra-Ford,Watkins Glen,USA,New York State,1968
Graham Hill,Lotus-Ford,Autódromo Hermanos Rodríguez,Mexico,Mexico City,1968
Jackie Stewart,Matra-Ford,Kyalami,South Africa,Midrand,1969
Jackie Stewart,Matra-Ford,Montjuïc,Spain,Barcelona,1969
Graham Hill,Lotus-Ford,Circuit de Monaco,Monaco,Monte-Carlo,1969
Jackie Stewart,Matra-Ford,Circuit Park Zandvoort,Netherlands,Zandvoort,1969
Jackie Stewart,Matra-Ford,Charade Circuit,France,Clermont-Ferrand,1969
Jackie Stewart,Matra-Ford,Silverstone Circuit,UK,Silverstone,1969
Jacky Ickx,Brabham-Ford,Nürburgring,Germany,Nürburg,1969
Jackie Stewart,Matra-Ford,Autodromo Nazionale di Monza,Italy,Monza,1969
Jacky Ickx,Brabham-Ford,Mosport International Raceway,Canada,Ontario,1969
Jochen Rindt,Lotus-Ford,Watkins Glen,USA,New York State,1969
Denny Hulme,McLaren-Ford,Autódromo Hermanos Rodríguez,Mexico,Mexico City,1969
Jack Brabham,Brabham,Kyalami,South Africa,Midrand,1970
Jackie Stewart,March,Jarama,Spain,Madrid,1970
Jochen Rindt,Team Lotus,Circuit de Monaco,Monaco,Monte-Carlo,1970
Pedro Rodríguez,BRM,Circuit de Spa-Francorchamps,Belgium,Spa,1970
Jochen Rindt,Team Lotus,Circuit Park Zandvoort,Netherlands,Zandvoort,1970
Jochen Rindt,Team Lotus,Charade Circuit,France,Clermont-Ferrand,1970
Jochen Rindt,Team Lotus,Brands Hatch,UK,Kent,1970
Jochen Rindt,Team Lotus,Hockenheimring,Germany,Hockenheim,1970
Jacky Ickx,Ferrari,Red Bull Ring,Austria,Spielberg,1970
Clay Regazzoni,Ferrari,Autodromo Nazionale di Monza,Italy,Monza,1970
Jacky Ickx,Ferrari,Circuit Mont-Tremblant,Canada,Quebec,1970
Emerson Fittipaldi,Team Lotus,Watkins Glen,USA,New York State,1970
Jacky Ickx,Ferrari,Autódromo Hermanos Rodríguez,Mexico,Mexico City,1970
Mario Andretti,Ferrari,Kyalami,South Africa,Midrand,1971
Jackie Stewart,Tyrrell,Montjuïc,Spain,Barcelona,1971
Jackie Stewart,Tyrrell,Circuit de Monaco,Monaco,Monte-Carlo,1971
Jacky Ickx,Ferrari,Circuit Park Zandvoort,Netherlands,Zandvoort,1971
Jackie Stewart,Tyrrell,Circuit Paul Ricard,France,Le Castellet,1971
Jackie Stewart,Tyrrell,Silverstone Circuit,UK,Silverstone,1971
Jackie Stewart,Tyrrell,Nürburgring,Germany,Nürburg,1971
Jo Siffert,BRM,Red Bull Ring,Austria,Spielberg,1971
Peter Gethin,BRM,Autodromo Nazionale di Monza,Italy,Monza,1971
Jackie Stewart,Tyrrell,Mosport International Raceway,Canada,Ontario,1971
François Cevert,Tyrrell,Watkins Glen,USA,New York State,1971
Jackie Stewart,Tyrrell,Autódromo Juan y Oscar Gálvez,Argentina,Buenos Aires,1972
Denny Hulme,McLaren,Kyalami,South Africa,Midrand,1972
Emerson Fittipaldi,Team Lotus,Jarama,Spain,Madrid,1972
Jean-Pierre Beltoise,BRM,Circuit de Monaco,Monaco,Monte-Carlo,1972
Emerson Fittipaldi,Team Lotus,Nivelles-Baulers,Belgium,Brussels,1972
Jackie Stewart,Tyrrell,Charade Circuit,France,Clermont-Ferrand,1972
Emerson Fittipaldi,Team Lotus,Brands Hatch,UK,Kent,1972
Jacky Ickx,Ferrari,Nürburgring,Germany,Nürburg,1972
Emerson Fittipaldi,Team Lotus,Red Bull Ring,Austria,Spielberg,1972
Emerson Fittipaldi,Team Lotus,Autodromo Nazionale di Monza,Italy,Monza,1972
Jackie Stewart,Tyrrell,Mosport International Raceway,Canada,Ontario,1972
Jackie Stewart,Tyrrell,Watkins Glen,USA,New York State,1972
Emerson Fittipaldi,Team Lotus,Autódromo Juan y Oscar Gálvez,Argentina,Buenos Aires,1973
Emerson Fittipaldi,Team Lotus,Autódromo José Carlos Pace,Brazil,São Paulo,1973
Jackie Stewart,Tyrrell,Kyalami,South Africa,Midrand,1973
Emerson Fittipaldi,Team Lotus,Montjuïc,Spain,Barcelona,1973
Jackie Stewart,Tyrrell,Zolder,Belgium,Heusden-Zolder,1973
Jackie Stewart,Tyrrell,Circuit de Monaco,Monaco,Monte-Carlo,1973
Denny Hulme,McLaren,Scandinavian Raceway,Sweden,Anderstorp,1973
Ronnie Peterson,Team Lotus,Circuit Paul Ricard,France,Le Castellet,1973
Peter Revson,McLaren,Silverstone Circuit,UK,Silverstone,1973
Jackie Stewart,Tyrrell,Circuit Park Zandvoort,Netherlands,Zandvoort,1973
Jackie Stewart,Tyrrell,Nürburgring,Germany,Nürburg,1973
Ronnie Peterson,Team Lotus,Red Bull Ring,Austria,Spielberg,1973
Ronnie Peterson,Team Lotus,Autodromo Nazionale di Monza,Italy,Monza,1973
Peter Revson,McLaren,Mosport International Raceway,Canada,Ontario,1973
Ronnie Peterson,Team Lotus,Watkins Glen,USA,New York State,1973
Denny Hulme,McLaren,Autódromo Juan y Oscar Gálvez,Argentina,Buenos Aires,1974
Emerson Fittipaldi,McLaren,Autódromo José Carlos Pace,Brazil,São Paulo,1974
Carlos Reutemann,Brabham,Kyalami,South Africa,Midrand,1974
Niki Lauda,Ferrari,Jarama,Spain,Madrid,1974
Emerson Fittipaldi,McLaren,Nivelles-Baulers,Belgium,Brussels,1974
Ronnie Peterson,Team Lotus,Circuit de Monaco,Monaco,Monte-Carlo,1974
Jody Scheckter,Tyrrell,Scandinavian Raceway,Sweden,Anderstorp,1974
Niki Lauda,Ferrari,Circuit Park Zandvoort,Netherlands,Zandvoort,1974
Ronnie Peterson,Team Lotus,Dijon-Prenois,France,Dijon,1974
Jody Scheckter,Tyrrell,Brands Hatch,UK,Kent,1974
Clay Regazzoni,Ferrari,Nürburgring,Germany,Nürburg,1974
Carlos Reutemann,Brabham,Red Bull Ring,Austria,Spielberg,1974
Ronnie Peterson,Team Lotus,Autodromo Nazionale di Monza,Italy,Monza,1974
Emerson Fittipaldi,McLaren,Mosport International Raceway,Canada,Ontario,1974
Carlos Reutemann,Brabham,Watkins Glen,USA,New York State,1974
Emerson Fittipaldi,McLaren,Autódromo Juan y Oscar Gálvez,Argentina,Buenos Aires,1975
Carlos Pace,Brabham,Autódromo José Carlos Pace,Brazil,São Paulo,1975
Jody Scheckter,Tyrrell,Kyalami,South Africa,Midrand,1975
Jochen Mass,McLaren,Montjuïc,Spain,Barcelona,1975
Niki Lauda,Ferrari,Circuit de Monaco,Monaco,Monte-Carlo,1975
Niki Lauda,Ferrari,Zolder,Belgium,Heusden-Zolder,1975
Niki Lauda,Ferrari,Scandinavian Raceway,Sweden,Anderstorp,1975
James Hunt,Hesketh,Circuit Park Zandvoort,Netherlands,Zandvoort,1975
Niki Lauda,Ferrari,Circuit Paul Ricard,France,Le Castellet,1975
Emerson Fittipaldi,McLaren,Silverstone Circuit,UK,Silverstone,1975
Carlos Reutemann,Brabham,Nürburgring,Germany,Nürburg,1975
Vittorio Brambilla,March,Red Bull Ring,Austria,Spielberg,1975
Clay Regazzoni,Ferrari,Autodromo Nazionale di Monza,Italy,Monza,1975
Niki Lauda,Ferrari,Watkins Glen,USA,New York State,1975
Niki Lauda,Ferrari,Autódromo José Carlos Pace,Brazil,São Paulo,1976
Niki Lauda,Ferrari,Kyalami,South Africa,Midrand,1976
Clay Regazzoni,Ferrari,Long Beach,USA,California,1976
James Hunt,McLaren,Jarama,Spain,Madrid,1976
Niki Lauda,Ferrari,Zolder,Belgium,Heusden-Zolder,1976
Niki Lauda,Ferrari,Circuit de Monaco,Monaco,Monte-Carlo,1976
Jody Scheckter,Tyrrell,Scandinavian Raceway,Sweden,Anderstorp,1976
James Hunt,McLaren,Circuit Paul Ricard,France,Le Castellet,1976
Niki Lauda,Ferrari,Brands Hatch,UK,Kent,1976
James Hunt,McLaren,Nürburgring,Germany,Nürburg,1976
John Watson,Penske,Red Bull Ring,Austria,Spielberg,1976
James Hunt,McLaren,Circuit Park Zandvoort,Netherlands,Zandvoort,1976
Ronnie Peterson,March,Autodromo Nazionale di Monza,Italy,Monza,1976
James Hunt,McLaren,Mosport International Raceway,Canada,Ontario,1976
James Hunt,McLaren,Watkins Glen,USA,New York State,1976
Mario Andretti,Team Lotus,Fuji Speedway,Japan,Oyama,1976
Jody Scheckter,Wolf,Autódromo Juan y Oscar Gálvez,Argentina,Buenos Aires,1977
Carlos Reutemann,Ferrari,Autódromo José Carlos Pace,Brazil,São Paulo,1977
Niki Lauda,Ferrari,Kyalami,South Africa,Midrand,1977
Mario Andretti,Team Lotus,Long Beach,USA,California,1977
Mario Andretti,Team Lotus,Jarama,Spain,Madrid,1977
Jody Scheckter,Wolf,Circuit de Monaco,Monaco,Monte-Carlo,1977
Gunnar Nilsson,Team Lotus,Zolder,Belgium,Heusden-Zolder,1977
Jacques Laffite,Ligier,Scandinavian Raceway,Sweden,Anderstorp,1977
Mario Andretti,Team Lotus,Dijon-Prenois,France,Dijon,1977
James Hunt,McLaren,Silverstone Circuit,UK,Silverstone,1977
Niki Lauda,Ferrari,Hockenheimring,Germany,Hockenheim,1977
Alan Jones,Shadow,Red Bull Ring,Austria,Spielberg,1977
Niki Lauda,Ferrari,Circuit Park Zandvoort,Netherlands,Zandvoort,1977
Mario Andretti,Team Lotus,Autodromo Nazionale di Monza,Italy,Monza,1977
James Hunt,McLaren,Watkins Glen,USA,New York State,1977
Jody Scheckter,Wolf,Mosport International Raceway,Canada,Ontario,1977
James Hunt,McLaren,Fuji Speedway,Japan,Oyama,1977
Mario Andretti,Team Lotus,Autódromo Juan y Oscar Gálvez,Argentina,Buenos Aires,1978
Carlos Reutemann,Ferrari,Autódromo Internacional Nelson Piquet,Brazil,Rio de Janeiro,1978
Ronnie Peterson,Team Lotus,Kyalami,South Africa,Midrand,1978
Carlos Reutemann,Ferrari,Long Beach,USA,California,1978
Patrick Depailler,Tyrrell,Circuit de Monaco,Monaco,Monte-Carlo,1978
Mario Andretti,Team Lotus,Zolder,Belgium,Heusden-Zolder,1978
Mario Andretti,Team Lotus,Jarama,Spain,Madrid,1978
Niki Lauda,Brabham,Scandinavian Raceway,Sweden,Anderstorp,1978
Mario Andretti,Team Lotus,Circuit Paul Ricard,France,Le Castellet,1978
Carlos Reutemann,Ferrari,Brands Hatch,UK,Kent,1978
Mario Andretti,Team Lotus,Hockenheimring,Germany,Hockenheim,1978
Ronnie Peterson,Team Lotus,Red Bull Ring,Austria,Spielberg,1978
Mario Andretti,Team Lotus,Circuit Park Zandvoort,Netherlands,Zandvoort,1978
Niki Lauda,Brabham,Autodromo Nazionale di Monza,Italy,Monza,1978
Carlos Reutemann,Ferrari,Watkins Glen,USA,New York State,1978
Gilles Villeneuve,Ferrari,Circuit Gilles Villeneuve,Canada,Montreal,1978
Jacques Laffite,Ligier,Autódromo Juan y Oscar Gálvez,Argentina,Buenos Aires,1979
Jacques Laffite,Ligier,Autódromo José Carlos Pace,Brazil,São Paulo,1979
Gilles Villeneuve,Ferrari,Kyalami,South Africa,Midrand,1979
Gilles Villeneuve,Ferrari,Long Beach,USA,California,1979
Patrick Depailler,Ligier,Jarama,Spain,Madrid,1979
Jody Scheckter,Ferrari,Zolder,Belgium,Heusden-Zolder,1979
Jody Scheckter,Ferrari,Circuit de Monaco,Monaco,Monte-Carlo,1979
Jean-Pierre Jabouille,Renault,Dijon-Prenois,France,Dijon,1979
Clay Regazzoni,Williams,Silverstone Circuit,UK,Silverstone,1979
Alan Jones,Williams,Hockenheimring,Germany,Hockenheim,1979
Alan Jones,Williams,Red Bull Ring,Austria,Spielberg,1979
Alan Jones,Williams,Circuit Park Zandvoort,Netherlands,Zandvoort,1979
Jody Scheckter,Ferrari,Autodromo Nazionale di Monza,Italy,Monza,1979
Alan Jones,Williams,Circuit Gilles Villeneuve,Canada,Montreal,1979
Gilles Villeneuve,Ferrari,Watkins Glen,USA,New York State,1979
Alan Jones,Williams,Autódromo Juan y Oscar Gálvez,Argentina,Buenos Aires,1980
René Arnoux,Renault,Autódromo José Carlos Pace,Brazil,São Paulo,1980
René Arnoux,Renault,Kyalami,South Africa,Midrand,1980
Nelson Piquet,Brabham,Long Beach,USA,California,1980
Didier Pironi,Ligier,Zolder,Belgium,Heusden-Zolder,1980
Carlos Reutemann,Williams,Circuit de Monaco,Monaco,Monte-Carlo,1980
Alan Jones,Williams,Circuit Paul Ricard,France,Le Castellet,1980
Alan Jones,Williams,Brands Hatch,UK,Kent,1980
Jacques Laffite,Ligier,Hockenheimring,Germany,Hockenheim,1980
Jean-Pierre Jabouille,Renault,Red Bull Ring,Austria,Spielberg,1980
Nelson Piquet,Brabham,Circuit Park Zandvoort,Netherlands,Zandvoort,1980
Nelson Piquet,Brabham,Autodromo Enzo e Dino Ferrari,Italy,Imola,1980
Alan Jones,Williams,Circuit Gilles Villeneuve,Canada,Montreal,1980
Alan Jones,Williams,Watkins Glen,USA,New York State,1980
Alan Jones,Williams,Long Beach,USA,California,1981
Carlos Reutemann,Williams,Autódromo Internacional Nelson Piquet,Brazil,Rio de Janeiro,1981
Nelson Piquet,Brabham,Autódromo Juan y Oscar Gálvez,Argentina,Buenos Aires,1981
Nelson Piquet,Brabham,Autodromo Enzo e Dino Ferrari,Italy,Imola,1981
Carlos Reutemann,Williams,Zolder,Belgium,Heusden-Zolder,1981
Gilles Villeneuve,Ferrari,Circuit de Monaco,Monaco,Monte-Carlo,1981
Gilles Villeneuve,Ferrari,Jarama,Spain,Madrid,1981
Alain Prost,Renault,Dijon-Prenois,France,Dijon,1981
John Watson,McLaren,Silverstone Circuit,UK,Silverstone,1981
Nelson Piquet,Brabham,Hockenheimring,Germany,Hockenheim,1981
Jacques Laffite,Ligier,Red Bull Ring,Austria,Spielberg,1981
Alain Prost,Renault,Circuit Park Zandvoort,Netherlands,Zandvoort,1981
Alain Prost,Renault,Autodromo Nazionale di Monza,Italy,Monza,1981
Jacques Laffite,Ligier,Circuit Gilles Villeneuve,Canada,Montreal,1981
Alan Jones,Williams,Las Vegas Street Circuit,USA,Nevada,1981
Alain Prost,Renault,Kyalami,South Africa,Midrand,1982
Alain Prost,Renault,Autódromo Internacional Nelson Piquet,Brazil,Rio de Janeiro,1982
Niki Lauda,McLaren,Long Beach,USA,California,1982
Didier Pironi,Ferrari,Autodromo Enzo e Dino Ferrari,Italy,Imola,1982
John Watson,McLaren,Zolder,Belgium,Heusden-Zolder,1982
Riccardo Patrese,Brabham,Circuit de Monaco,Monaco,Monte-Carlo,1982
John Watson,McLaren,Detroit Street Circuit,USA,Detroit,1982
Nelson Piquet,Brabham,Circuit Gilles Villeneuve,Canada,Montreal,1982
Didier Pironi,Ferrari,Circuit Park Zandvoort,Netherlands,Zandvoort,1982
Niki Lauda,McLaren,Brands Hatch,UK,Kent,1982
René Arnoux,Renault,Circuit Paul Ricard,France,Le Castellet,1982
Patrick Tambay,Ferrari,Hockenheimring,Germany,Hockenheim,1982
Elio de Angelis,Team Lotus,Red Bull Ring,Austria,Spielberg,1982
Keke Rosberg,Williams,Dijon-Prenois,France,Dijon,1982
René Arnoux,Renault,Autodromo Nazionale di Monza,Italy,Monza,1982
Michele Alboreto,Tyrrell,Las Vegas Street Circuit,USA,Nevada,1982
Nelson Piquet,Brabham,Autódromo Internacional Nelson Piquet,Brazil,Rio de Janeiro,1983
John Watson,McLaren,Long Beach,USA,California,1983
Alain Prost,Renault,Circuit Paul Ricard,France,Le Castellet,1983
Patrick Tambay,Ferrari,Autodromo Enzo e Dino Ferrari,Italy,Imola,1983
Keke Rosberg,Williams,Circuit de Monaco,Monaco,Monte-Carlo,1983
Alain Prost,Renault,Circuit de Spa-Francorchamps,Belgium,Spa,1983
Michele Alboreto,Tyrrell,Detroit Street Circuit,USA,Detroit,1983
René Arnoux,Ferrari,Circuit Gilles Villeneuve,Canada,Montreal,1983
Alain Prost,Renault,Silverstone Circuit,UK,Silverstone,1983
René Arnoux,Ferrari,Hockenheimring,Germany,Hockenheim,1983
Alain Prost,Renault,Red Bull Ring,Austria,Spielberg,1983
René Arnoux,Ferrari,Circuit Park Zandvoort,Netherlands,Zandvoort,1983
Nelson Piquet,Brabham,Autodromo Nazionale di Monza,Italy,Monza,1983
Nelson Piquet,Brabham,Brands Hatch,UK,Kent,1983
Riccardo Patrese,Brabham,Kyalami,South Africa,Midrand,1983
Alain Prost,McLaren,Autódromo Internacional Nelson Piquet,Brazil,Rio de Janeiro,1984
Niki Lauda,McLaren,Kyalami,South Africa,Midrand,1984
Michele Alboreto,Ferrari,Zolder,Belgium,Heusden-Zolder,1984
Alain Prost,McLaren,Autodromo Enzo e Dino Ferrari,Italy,Imola,1984
Niki Lauda,McLaren,Dijon-Prenois,France,Dijon,1984
Alain Prost,McLaren,Circuit de Monaco,Monaco,Monte-Carlo,1984
Nelson Piquet,Brabham,Circuit Gilles Villeneuve,Canada,Montreal,1984
Nelson Piquet,Brabham,Detroit Street Circuit,USA,Detroit,1984
Keke Rosberg,Williams,Fair Park,USA,Dallas,1984
Niki Lauda,McLaren,Brands Hatch,UK,Kent,1984
Alain Prost,McLaren,Hockenheimring,Germany,Hockenheim,1984
Niki Lauda,McLaren,Red Bull Ring,Austria,Spielberg,1984
Alain Prost,McLaren,Circuit Park Zandvoort,Netherlands,Zandvoort,1984
Niki Lauda,McLaren,Autodromo Nazionale di Monza,Italy,Monza,1984
Alain Prost,McLaren,Nürburgring,Germany,Nürburg,1984
Alain Prost,McLaren,Autódromo do Estoril,Portugal,Estoril,1984
Alain Prost,McLaren,Autódromo Internacional Nelson Piquet,Brazil,Rio de Janeiro,1985
Ayrton Senna,Team Lotus,Autódromo do Estoril,Portugal,Estoril,1985
Elio de Angelis,Team Lotus,Autodromo Enzo e Dino Ferrari,Italy,Imola,1985
Alain Prost,McLaren,Circuit de Monaco,Monaco,Monte-Carlo,1985
Michele Alboreto,Ferrari,Circuit Gilles Villeneuve,Canada,Montreal,1985
Keke Rosberg,Williams,Detroit Street Circuit,USA,Detroit,1985
Nelson Piquet,Brabham,Circuit Paul Ricard,France,Le Castellet,1985
Alain Prost,McLaren,Silverstone Circuit,UK,Silverstone,1985
Michele Alboreto,Ferrari,Nürburgring,Germany,Nürburg,1985
Alain Prost,McLaren,Red Bull Ring,Austria,Spielberg,1985
Niki Lauda,McLaren,Circuit Park Zandvoort,Netherlands,Zandvoort,1985
Alain Prost,McLaren,Autodromo Nazionale di Monza,Italy,Monza,1985
Ayrton Senna,Team Lotus,Circuit de Spa-Francorchamps,Belgium,Spa,1985
Nigel Mansell,Williams,Brands Hatch,UK,Kent,1985
Nigel Mansell,Williams,Kyalami,South Africa,Midrand,1985
Keke Rosberg,Williams,Adelaide Street Circuit,Australia,Adelaide,1985
Nelson Piquet,Williams,Autódromo Internacional Nelson Piquet,Brazil,Rio de Janeiro,1986
Ayrton Senna,Team Lotus,Circuito de Jerez,Spain,Jerez de la Frontera,1986
Alain Prost,McLaren,Autodromo Enzo e Dino Ferrari,Italy,Imola,1986
Alain Prost,McLaren,Circuit de Monaco,Monaco,Monte-Carlo,1986
Nigel Mansell,Williams,Circuit de Spa-Francorchamps,Belgium,Spa,1986
Nigel Mansell,Williams,Circuit Gilles Villeneuve,Canada,Montreal,1986
Ayrton Senna,Team Lotus,Detroit Street Circuit,USA,Detroit,1986
Nigel Mansell,Williams,Circuit Paul Ricard,France,Le Castellet,1986
Nigel Mansell,Williams,Brands Hatch,UK,Kent,1986
Nelson Piquet,Williams,Hockenheimring,Germany,Hockenheim,1986
Nelson Piquet,Williams,Hungaroring,Hungary,Budapest,1986
Alain Prost,McLaren,Red Bull Ring,Austria,Spielberg,1986
Nelson Piquet,Williams,Autodromo Nazionale di Monza,Italy,Monza,1986
Nigel Mansell,Williams,Autódromo do Estoril,Portugal,Estoril,1986
Gerhard Berger,Benetton,Autódromo Hermanos Rodríguez,Mexico,Mexico City,1986
Alain Prost,McLaren,Adelaide Street Circuit,Australia,Adelaide,1986
Alain Prost,McLaren,Autódromo Internacional Nelson Piquet,Brazil,Rio de Janeiro,1987
Nigel Mansell,Williams,Autodromo Enzo e Dino Ferrari,Italy,Imola,1987
Alain Prost,McLaren,Circuit de Spa-Francorchamps,Belgium,Spa,1987
Ayrton Senna,Team Lotus,Circuit de Monaco,Monaco,Monte-Carlo,1987
Ayrton Senna,Team Lotus,Detroit Street Circuit,USA,Detroit,1987
Nigel Mansell,Williams,Circuit Paul Ricard,France,Le Castellet,1987
Nigel Mansell,Williams,Silverstone Circuit,UK,Silverstone,1987
Nelson Piquet,Williams,Hockenheimring,Germany,Hockenheim,1987
Nelson Piquet,Williams,Hungaroring,Hungary,Budapest,1987
Nigel Mansell,Williams,Red Bull Ring,Austria,Spielberg,1987
Nelson Piquet,Williams,Autodromo Nazionale di Monza,Italy,Monza,1987
Alain Prost,McLaren,Autódromo do Estoril,Portugal,Estoril,1987
Nigel Mansell,Williams,Circuito de Jerez,Spain,Jerez de la Frontera,1987
Nigel Mansell,Williams,Autódromo Hermanos Rodríguez,Mexico,Mexico City,1987
Gerhard Berger,Ferrari,Suzuka Circuit,Japan,Suzuka,1987
Gerhard Berger,Ferrari,Adelaide Street Circuit,Australia,Adelaide,1987
Alain Prost,McLaren,Autódromo Internacional Nelson Piquet,Brazil,Rio de Janeiro,1988
Ayrton Senna,McLaren,Autodromo Enzo e Dino Ferrari,Italy,Imola,1988
Alain Prost,McLaren,Circuit de Monaco,Monaco,Monte-Carlo,1988
Alain Prost,McLaren,Autódromo Hermanos Rodríguez,Mexico,Mexico City,1988
Ayrton Senna,McLaren,Circuit Gilles Villeneuve,Canada,Montreal,1988
Ayrton Senna,McLaren,Detroit Street Circuit,USA,Detroit,1988
Alain Prost,McLaren,Circuit Paul Ricard,France,Le Castellet,1988
Ayrton Senna,McLaren,Silverstone Circuit,UK,Silverstone,1988
Ayrton Senna,McLaren,Hockenheimring,Germany,Hockenheim,1988
Ayrton Senna,McLaren,Hungaroring,Hungary,Budapest,1988
Ayrton Senna,McLaren,Circuit de Spa-Francorchamps,Belgium,Spa,1988
Gerhard Berger,Ferrari,Autodromo Nazionale di Monza,Italy,Monza,1988
Alain Prost,McLaren,Autódromo do Estoril,Portugal,Estoril,1988
Alain Prost,McLaren,Circuito de Jerez,Spain,Jerez de la Frontera,1988
Ayrton Senna,McLaren,Suzuka Circuit,Japan,Suzuka,1988
Alain Prost,McLaren,Adelaide Street Circuit,Australia,Adelaide,1988
Nigel Mansell,Ferrari,Autódromo Internacional Nelson Piquet,Brazil,Rio de Janeiro,1989
Ayrton Senna,McLaren,Autodromo Enzo e Dino Ferrari,Italy,Imola,1989
Ayrton Senna,McLaren,Circuit de Monaco,Monaco,Monte-Carlo,1989
Ayrton Senna,McLaren,Autódromo Hermanos Rodríguez,Mexico,Mexico City,1989
Alain Prost,McLaren,Phoenix street circuit,USA,Phoenix,1989
Thierry Boutsen,Williams,Circuit Gilles Villeneuve,Canada,Montreal,1989
Alain Prost,McLaren,Circuit Paul Ricard,France,Le Castellet,1989
Alain Prost,McLaren,Silverstone Circuit,UK,Silverstone,1989
Ayrton Senna,McLaren,Hockenheimring,Germany,Hockenheim,1989
Nigel Mansell,Ferrari,Hungaroring,Hungary,Budapest,1989
Ayrton Senna,McLaren,Circuit de Spa-Francorchamps,Belgium,Spa,1989
Alain Prost,McLaren,Autodromo Nazionale di Monza,Italy,Monza,1989
Gerhard Berger,Ferrari,Autódromo do Estoril,Portugal,Estoril,1989
Ayrton Senna,McLaren,Circuito de Jerez,Spain,Jerez de la Frontera,1989
Alessandro Nannini,Benetton,Suzuka Circuit,Japan,Suzuka,1989
Thierry Boutsen,Williams,Adelaide Street Circuit,Australia,Adelaide,1989
Ayrton Senna,McLaren,Phoenix street circuit,USA,Phoenix,1990
Alain Prost,Ferrari,Autódromo José Carlos Pace,Brazil,São Paulo,1990
Riccardo Patrese,Williams,Autodromo Enzo e Dino Ferrari,Italy,Imola,1990
Ayrton Senna,McLaren,Circuit de Monaco,Monaco,Monte-Carlo,1990
Ayrton Senna,McLaren,Circuit Gilles Villeneuve,Canada,Montreal,1990
Alain Prost,Ferrari,Autódromo Hermanos Rodríguez,Mexico,Mexico City,1990
Alain Prost,Ferrari,Circuit Paul Ricard,France,Le Castellet,1990
Alain Prost,Ferrari,Silverstone Circuit,UK,Silverstone,1990
Ayrton Senna,McLaren,Hockenheimring,Germany,Hockenheim,1990
Thierry Boutsen,Williams,Hungaroring,Hungary,Budapest,1990
Ayrton Senna,McLaren,Circuit de Spa-Francorchamps,Belgium,Spa,1990
Ayrton Senna,McLaren,Autodromo Nazionale di Monza,Italy,Monza,1990
Nigel Mansell,Ferrari,Autódromo do Estoril,Portugal,Estoril,1990
Alain Prost,Ferrari,Circuito de Jerez,Spain,Jerez de la Frontera,1990
Nelson Piquet,Benetton,Suzuka Circuit,Japan,Suzuka,1990
Nelson Piquet,Benetton,Adelaide Street Circuit,Australia,Adelaide,1990
Ayrton Senna,McLaren,Phoenix street circuit,USA,Phoenix,1991
Ayrton Senna,McLaren,Autódromo José Carlos Pace,Brazil,São Paulo,1991
Ayrton Senna,McLaren,Autodromo Enzo e Dino Ferrari,Italy,Imola,1991
Ayrton Senna,McLaren,Circuit de Monaco,Monaco,Monte-Carlo,1991
Nelson Piquet,Benetton,Circuit Gilles Villeneuve,Canada,Montreal,1991
Riccardo Patrese,Williams,Autódromo Hermanos Rodríguez,Mexico,Mexico City,1991
Nigel Mansell,Williams,Circuit de Nevers Magny-Cours,France,Magny Cours,1991
Nigel Mansell,Williams,Silverstone Circuit,UK,Silverstone,1991
Nigel Mansell,Williams,Hockenheimring,Germany,Hockenheim,1991
Ayrton Senna,McLaren,Hungaroring,Hungary,Budapest,1991
Ayrton Senna,McLaren,Circuit de Spa-Francorchamps,Belgium,Spa,1991
Nigel Mansell,Williams,Autodromo Nazionale di Monza,Italy,Monza,1991
Riccardo Patrese,Williams,Autódromo do Estoril,Portugal,Estoril,1991
Nigel Mansell,Williams,Circuit de Barcelona-Catalunya,Spain,Montmeló,1991
Gerhard Berger,McLaren,Suzuka Circuit,Japan,Suzuka,1991
Ayrton Senna,McLaren,Adelaide Street Circuit,Australia,Adelaide,1991
Nigel Mansell,Williams,Kyalami,South Africa,Midrand,1992
Nigel Mansell,Williams,Autódromo Hermanos Rodríguez,Mexico,Mexico City,1992
Nigel Mansell,Williams,Autódromo José Carlos Pace,Brazil,São Paulo,1992
Nigel Mansell,Williams,Circuit de Barcelona-Catalunya,Spain,Montmeló,1992
Nigel Mansell,Williams,Autodromo Enzo e Dino Ferrari,Italy,Imola,1992
Ayrton Senna,McLaren,Circuit de Monaco,Monaco,Monte-Carlo,1992
Gerhard Berger,McLaren,Circuit Gilles Villeneuve,Canada,Montreal,1992
Nigel Mansell,Williams,Circuit de Nevers Magny-Cours,France,Magny Cours,1992
Nigel Mansell,Williams,Silverstone Circuit,UK,Silverstone,1992
Nigel Mansell,Williams,Hockenheimring,Germany,Hockenheim,1992
Ayrton Senna,McLaren,Hungaroring,Hungary,Budapest,1992
Michael Schumacher,Benetton,Circuit de Spa-Francorchamps,Belgium,Spa,1992
Ayrton Senna,McLaren,Autodromo Nazionale di Monza,Italy,Monza,1992
Nigel Mansell,Williams,Autódromo do Estoril,Portugal,Estoril,1992
Riccardo Patrese,Williams,Suzuka Circuit,Japan,Suzuka,1992
Gerhard Berger,McLaren,Adelaide Street Circuit,Australia,Adelaide,1992
Alain Prost,Williams,Kyalami,South Africa,Midrand,1993
Ayrton Senna,McLaren,Autódromo José Carlos Pace,Brazil,São Paulo,1993
Ayrton Senna,McLaren,Donington Park,UK,Castle Donington,1993
Alain Prost,Williams,Autodromo Enzo e Dino Ferrari,Italy,Imola,1993
Alain Prost,Williams,Circuit de Barcelona-Catalunya,Spain,Montmeló,1993
Ayrton Senna,McLaren,Circuit de Monaco,Monaco,Monte-Carlo,1993
Alain Prost,Williams,Circuit Gilles Villeneuve,Canada,Montreal,1993
Alain Prost,Williams,Circuit de Nevers Magny-Cours,France,Magny Cours,1993
Alain Prost,Williams,Silverstone Circuit,UK,Silverstone,1993
Alain Prost,Williams,Hockenheimring,Germany,Hockenheim,1993
Damon Hill,Williams,Hungaroring,Hungary,Budapest,1993
Damon Hill,Williams,Circuit de Spa-Francorchamps,Belgium,Spa,1993
Damon Hill,Williams,Autodromo Nazionale di Monza,Italy,Monza,1993
Michael Schumacher,Benetton,Autódromo do Estoril,Portugal,Estoril,1993
Ayrton Senna,McLaren,Suzuka Circuit,Japan,Suzuka,1993
Ayrton Senna,McLaren,Adelaide Street Circuit,Australia,Adelaide,1993
Michael Schumacher,Benetton,Autódromo José Carlos Pace,Brazil,São Paulo,1994
Michael Schumacher,Benetton,Okayama International Circuit,Japan,Okayama,1994
Michael Schumacher,Benetton,Autodromo Enzo e Dino Ferrari,Italy,Imola,1994
Michael Schumacher,Benetton,Circuit de Monaco,Monaco,Monte-Carlo,1994
Damon Hill,Williams,Circuit de Barcelona-Catalunya,Spain,Montmeló,1994
Michael Schumacher,Benetton,Circuit Gilles Villeneuve,Canada,Montreal,1994
Michael Schumacher,Benetton,Circuit de Nevers Magny-Cours,France,Magny Cours,1994
Damon Hill,Williams,Silverstone Circuit,UK,Silverstone,1994
Gerhard Berger,Ferrari,Hockenheimring,Germany,Hockenheim,1994
Michael Schumacher,Benetton,Hungaroring,Hungary,Budapest,1994
Damon Hill,Williams,Circuit de Spa-Francorchamps,Belgium,Spa,1994
Damon Hill,Williams,Autodromo Nazionale di Monza,Italy,Monza,1994
Damon Hill,Williams,Autódromo do Estoril,Portugal,Estoril,1994
Michael Schumacher,Benetton,Circuito de Jerez,Spain,Jerez de la Frontera,1994
Damon Hill,Williams,Suzuka Circuit,Japan,Suzuka,1994
Nigel Mansell,Williams,Adelaide Street Circuit,Australia,Adelaide,1994
Michael Schumacher,Benetton,Autódromo José Carlos Pace,Brazil,São Paulo,1995
Damon Hill,Williams,Autódromo Juan y Oscar Gálvez,Argentina,Buenos Aires,1995
Damon Hill,Williams,Autodromo Enzo e Dino Ferrari,Italy,Imola,1995
Michael Schumacher,Benetton,Circuit de Barcelona-Catalunya,Spain,Montmeló,1995
Michael Schumacher,Benetton,Circuit de Monaco,Monaco,Monte-Carlo,1995
Jean Alesi,Ferrari,Circuit Gilles Villeneuve,Canada,Montreal,1995
Michael Schumacher,Benetton,Circuit de Nevers Magny-Cours,France,Magny Cours,1995
Johnny Herbert,Benetton,Silverstone Circuit,UK,Silverstone,1995
Michael Schumacher,Benetton,Hockenheimring,Germany,Hockenheim,1995
Damon Hill,Williams,Hungaroring,Hungary,Budapest,1995
Michael Schumacher,Benetton,Circuit de Spa-Francorchamps,Belgium,Spa,1995
Johnny Herbert,Benetton,Autodromo Nazionale di Monza,Italy,Monza,1995
David Coulthard,Williams,Autódromo do Estoril,Portugal,Estoril,1995
Michael Schumacher,Benetton,Nürburgring,Germany,Nürburg,1995
Michael Schumacher,Benetton,Okayama International Circuit,Japan,Okayama,1995
Michael Schumacher,Benetton,Suzuka Circuit,Japan,Suzuka,1995
Damon Hill,Williams,Adelaide Street Circuit,Australia,Adelaide,1995
Damon Hill,Williams,Albert Park Grand Prix Circuit,Australia,Melbourne,1996
Damon Hill,Williams,Autódromo José Carlos Pace,Brazil,São Paulo,1996
Damon Hill,Williams,Autódromo Juan y Oscar Gálvez,Argentina,Buenos Aires,1996
Jacques Villeneuve,Williams,Nürburgring,Germany,Nürburg,1996
Damon Hill,Williams,Autodromo Enzo e Dino Ferrari,Italy,Imola,1996
Olivier Panis,Ligier,Circuit de Monaco,Monaco,Monte-Carlo,1996
Michael Schumacher,Ferrari,Circuit de Barcelona-Catalunya,Spain,Montmeló,1996
Damon Hill,Williams,Circuit Gilles Villeneuve,Canada,Montreal,1996
Damon Hill,Williams,Circuit de Nevers Magny-Cours,France,Magny Cours,1996
Jacques Villeneuve,Williams,Silverstone Circuit,UK,Silverstone,1996
Damon Hill,Williams,Hockenheimring,Germany,Hockenheim,1996
Jacques Villeneuve,Williams,Hungaroring,Hungary,Budapest,1996
Michael Schumacher,Ferrari,Circuit de Spa-Francorchamps,Belgium,Spa,1996
Michael Schumacher,Ferrari,Autodromo Nazionale di Monza,Italy,Monza,1996
Jacques Villeneuve,Williams,Autódromo do Estoril,Portugal,Estoril,1996
Damon Hill,Williams,Suzuka Circuit,Japan,Suzuka,1996
David Coulthard,McLaren,Albert Park Grand Prix Circuit,Australia,Melbourne,1997
Jacques Villeneuve,Williams,Autódromo José Carlos Pace,Brazil,São Paulo,1997
Jacques Villeneuve,Williams,Autódromo Juan y Oscar Gálvez,Argentina,Buenos Aires,1997
Heinz-Harald Frentzen,Williams,Autodromo Enzo e Dino Ferrari,Italy,Imola,1997
Michael Schumacher,Ferrari,Circuit de Monaco,Monaco,Monte-Carlo,1997
Jacques Villeneuve,Williams,Circuit de Barcelona-Catalunya,Spain,Montmeló,1997
Michael Schumacher,Ferrari,Circuit Gilles Villeneuve,Canada,Montreal,1997
Michael Schumacher,Ferrari,Circuit de Nevers Magny-Cours,France,Magny Cours,1997
Jacques Villeneuve,Williams,Silverstone Circuit,UK,Silverstone,1997
Gerhard Berger,Benetton,Hockenheimring,Germany,Hockenheim,1997
Jacques Villeneuve,Williams,Hungaroring,Hungary,Budapest,1997
Michael Schumacher,Ferrari,Circuit de Spa-Francorchamps,Belgium,Spa,1997
David Coulthard,McLaren,Autodromo Nazionale di Monza,Italy,Monza,1997
Jacques Villeneuve,Williams,Red Bull Ring,Austria,Spielberg,1997
Jacques Villeneuve,Williams,Nürburgring,Germany,Nürburg,1997
Michael Schumacher,Ferrari,Suzuka Circuit,Japan,Suzuka,1997
Mika Häkkinen,McLaren,Circuito de Jerez,Spain,Jerez de la Frontera,1997
Mika Häkkinen,McLaren,Albert Park Grand Prix Circuit,Australia,Melbourne,1998
Mika Häkkinen,McLaren,Autódromo José Carlos Pace,Brazil,São Paulo,1998
Michael Schumacher,Ferrari,Autódromo Juan y Oscar Gálvez,Argentina,Buenos Aires,1998
David Coulthard,McLaren,Autodromo Enzo e Dino Ferrari,Italy,Imola,1998
Mika Häkkinen,McLaren,Circuit de Barcelona-Catalunya,Spain,Montmeló,1998
Mika Häkkinen,McLaren,Circuit de Monaco,Monaco,Monte-Carlo,1998
Michael Schumacher,Ferrari,Circuit Gilles Villeneuve,Canada,Montreal,1998
Michael Schumacher,Ferrari,Circuit de Nevers Magny-Cours,France,Magny Cours,1998
Michael Schumacher,Ferrari,Silverstone Circuit,UK,Silverstone,1998
Mika Häkkinen,McLaren,Red Bull Ring,Austria,Spielberg,1998
Mika Häkkinen,McLaren,Hockenheimring,Germany,Hockenheim,1998
Michael Schumacher,Ferrari,Hungaroring,Hungary,Budapest,1998
Damon Hill,Jordan,Circuit de Spa-Francorchamps,Belgium,Spa,1998
Michael Schumacher,Ferrari,Autodromo Nazionale di Monza,Italy,Monza,1998
Mika Häkkinen,McLaren,Nürburgring,Germany,Nürburg,1998
Mika Häkkinen,McLaren,Suzuka Circuit,Japan,Suzuka,1998
Eddie Irvine,Ferrari,Albert Park Grand Prix Circuit,Australia,Melbourne,1999
Mika Häkkinen,McLaren,Autódromo José Carlos Pace,Brazil,São Paulo,1999
Michael Schumacher,Ferrari,Autodromo Enzo e Dino Ferrari,Italy,Imola,1999
Michael Schumacher,Ferrari,Circuit de Monaco,Monaco,Monte-Carlo,1999
Mika Häkkinen,McLaren,Circuit de Barcelona-Catalunya,Spain,Montmeló,1999
Mika Häkkinen,McLaren,Circuit Gilles Villeneuve,Canada,Montreal,1999
Heinz-Harald Frentzen,Jordan,Circuit de Nevers Magny-Cours,France,Magny Cours,1999
David Coulthard,McLaren,Silverstone Circuit,UK,Silverstone,1999
Eddie Irvine,Ferrari,Red Bull Ring,Austria,Spielberg,1999
Eddie Irvine,Ferrari,Hockenheimring,Germany,Hockenheim,1999
Mika Häkkinen,McLaren,Hungaroring,Hungary,Budapest,1999
David Coulthard,McLaren,Circuit de Spa-Francorchamps,Belgium,Spa,1999
Heinz-Harald Frentzen,Jordan,Autodromo Nazionale di Monza,Italy,Monza,1999
Johnny Herbert,Stewart,Nürburgring,Germany,Nürburg,1999
Eddie Irvine,Ferrari,Sepang International Circuit,Malaysia,Kuala Lumpur,1999
Mika Häkkinen,McLaren,Suzuka Circuit,Japan,Suzuka,1999
Michael Schumacher,Ferrari,Albert Park Grand Prix Circuit,Australia,Melbourne,2000
Michael Schumacher,Ferrari,Autódromo José Carlos Pace,Brazil,São Paulo,2000
Michael Schumacher,Ferrari,Autodromo Enzo e Dino Ferrari,Italy,Imola,2000
David Coulthard,McLaren,Silverstone Circuit,UK,Silverstone,2000
Mika Häkkinen,McLaren,Circuit de Barcelona-Catalunya,Spain,Montmeló,2000
Michael Schumacher,Ferrari,Nürburgring,Germany,Nürburg,2000
David Coulthard,McLaren,Circuit de Monaco,Monaco,Monte-Carlo,2000
Michael Schumacher,Ferrari,Circuit Gilles Villeneuve,Canada,Montreal,2000
David Coulthard,McLaren,Circuit de Nevers Magny-Cours,France,Magny Cours,2000
Mika Häkkinen,McLaren,Red Bull Ring,Austria,Spielberg,2000
Rubens Barrichello,Ferrari,Hockenheimring,Germany,Hockenheim,2000
Mika Häkkinen,McLaren,Hungaroring,Hungary,Budapest,2000
Mika Häkkinen,McLaren,Circuit de Spa-Francorchamps,Belgium,Spa,2000
Michael Schumacher,Ferrari,Autodromo Nazionale di Monza,Italy,Monza,2000
Michael Schumacher,Ferrari,Indianapolis Motor Speedway,USA,Indianapolis,2000
Michael Schumacher,Ferrari,Suzuka Circuit,Japan,Suzuka,2000
Michael Schumacher,Ferrari,Sepang International Circuit,Malaysia,Kuala Lumpur,2000
Michael Schumacher,Ferrari,Albert Park Grand Prix Circuit,Australia,Melbourne,2001
Michael Schumacher,Ferrari,Sepang International Circuit,Malaysia,Kuala Lumpur,2001
David Coulthard,McLaren,Autódromo José Carlos Pace,Brazil,São Paulo,2001
Ralf Schumacher,Williams,Autodromo Enzo e Dino Ferrari,Italy,Imola,2001
Michael Schumacher,Ferrari,Circuit de Barcelona-Catalunya,Spain,Montmeló,2001
David Coulthard,McLaren,Red Bull Ring,Austria,Spielberg,2001
Michael Schumacher,Ferrari,Circuit de Monaco,Monaco,Monte-Carlo,2001
Ralf Schumacher,Williams,Circuit Gilles Villeneuve,Canada,Montreal,2001
Michael Schumacher,Ferrari,Nürburgring,Germany,Nürburg,2001
Michael Schumacher,Ferrari,Circuit de Nevers Magny-Cours,France,Magny Cours,2001
Mika Häkkinen,McLaren,Silverstone Circuit,UK,Silverstone,2001
Ralf Schumacher,Williams,Hockenheimring,Germany,Hockenheim,2001
Michael Schumacher,Ferrari,Hungaroring,Hungary,Budapest,2001
Michael Schumacher,Ferrari,Circuit de Spa-Francorchamps,Belgium,Spa,2001
Juan Pablo Montoya,Williams,Autodromo Nazionale di Monza,Italy,Monza,2001
Mika Häkkinen,McLaren,Indianapolis Motor Speedway,USA,Indianapolis,2001
Michael Schumacher,Ferrari,Suzuka Circuit,Japan,Suzuka,2001
Michael Schumacher,Ferrari,Albert Park Grand Prix Circuit,Australia,Melbourne,2002
Ralf Schumacher,Williams,Sepang International Circuit,Malaysia,Kuala Lumpur,2002
Michael Schumacher,Ferrari,Autódromo José Carlos Pace,Brazil,São Paulo,2002
Michael Schumacher,Ferrari,Autodromo Enzo e Dino Ferrari,Italy,Imola,2002
Michael Schumacher,Ferrari,Circuit de Barcelona-Catalunya,Spain,Montmeló,2002
Michael Schumacher,Ferrari,Red Bull Ring,Austria,Spielberg,2002
David Coulthard,McLaren,Circuit de Monaco,Monaco,Monte-Carlo,2002
Michael Schumacher,Ferrari,Circuit Gilles Villeneuve,Canada,Montreal,2002
Rubens Barrichello,Ferrari,Nürburgring,Germany,Nürburg,2002
Michael Schumacher,Ferrari,Silverstone Circuit,UK,Silverstone,2002
Michael Schumacher,Ferrari,Circuit de Nevers Magny-Cours,France,Magny Cours,2002
Michael Schumacher,Ferrari,Hockenheimring,Germany,Hockenheim,2002
Rubens Barrichello,Ferrari,Hungaroring,Hungary,Budapest,2002
Michael Schumacher,Ferrari,Circuit de Spa-Francorchamps,Belgium,Spa,2002
Rubens Barrichello,Ferrari,Autodromo Nazionale di Monza,Italy,Monza,2002
Rubens Barrichello,Ferrari,Indianapolis Motor Speedway,USA,Indianapolis,2002
Michael Schumacher,Ferrari,Suzuka Circuit,Japan,Suzuka,2002
David Coulthard,McLaren,Albert Park Grand Prix Circuit,Australia,Melbourne,2003
Kimi Räikkönen,McLaren,Sepang International Circuit,Malaysia,Kuala Lumpur,2003
Giancarlo Fisichella,Jordan,Autódromo José Carlos Pace,Brazil,São Paulo,2003
Michael Schumacher,Ferrari,Autodromo Enzo e Dino Ferrari,Italy,Imola,2003
Michael Schumacher,Ferrari,Circuit de Barcelona-Catalunya,Spain,Montmeló,2003
Michael Schumacher,Ferrari,Red Bull Ring,Austria,Spielberg,2003
Juan Pablo Montoya,Williams,Circuit de Monaco,Monaco,Monte-Carlo,2003
Michael Schumacher,Ferrari,Circuit Gilles Villeneuve,Canada,Montreal,2003
Ralf Schumacher,Williams,Nürburgring,Germany,Nürburg,2003
Ralf Schumacher,Williams,Circuit de Nevers Magny-Cours,France,Magny Cours,2003
Rubens Barrichello,Ferrari,Silverstone Circuit,UK,Silverstone,2003
Juan Pablo Montoya,Williams,Hockenheimring,Germany,Hockenheim,2003
Fernando Alonso,Renault,Hungaroring,Hungary,Budapest,2003
Michael Schumacher,Ferrari,Autodromo Nazionale di Monza,Italy,Monza,2003
Michael Schumacher,Ferrari,Indianapolis Motor Speedway,USA,Indianapolis,2003
Rubens Barrichello,Ferrari,Suzuka Circuit,Japan,Suzuka,2003
Michael Schumacher,Ferrari,Albert Park Grand Prix Circuit,Australia,Melbourne,2004
Michael Schumacher,Ferrari,Sepang International Circuit,Malaysia,Kuala Lumpur,2004
Michael Schumacher,Ferrari,Bahrain International Circuit,Bahrain,Sakhir,2004
Michael Schumacher,Ferrari,Autodromo Enzo e Dino Ferrari,Italy,Imola,2004
Michael Schumacher,Ferrari,Circuit de Barcelona-Catalunya,Spain,Montmeló,2004
Jarno Trulli,Renault,Circuit de Monaco,Monaco,Monte-Carlo,2004
Michael Schumacher,Ferrari,Nürburgring,Germany,Nürburg,2004
Michael Schumacher,Ferrari,Circuit Gilles Villeneuve,Canada,Montreal,2004
Michael Schumacher,Ferrari,Indianapolis Motor Speedway,USA,Indianapolis,2004
Michael Schumacher,Ferrari,Circuit de Nevers Magny-Cours,France,Magny Cours,2004
Michael Schumacher,Ferrari,Silverstone Circuit,UK,Silverstone,2004
Michael Schumacher,Ferrari,Hockenheimring,Germany,Hockenheim,2004
Michael Schumacher,Ferrari,Hungaroring,Hungary,Budapest,2004
Kimi Räikkönen,McLaren,Circuit de Spa-Francorchamps,Belgium,Spa,2004
Rubens Barrichello,Ferrari,Autodromo Nazionale di Monza,Italy,Monza,2004
Rubens Barrichello,Ferrari,Shanghai International Circuit,China,Shanghai,2004
Michael Schumacher,Ferrari,Suzuka Circuit,Japan,Suzuka,2004
Juan Pablo Montoya,Williams,Autódromo José Carlos Pace,Brazil,São Paulo,2004
Giancarlo Fisichella,Renault,Albert Park Grand Prix Circuit,Australia,Melbourne,2005
Fernando Alonso,Renault,Sepang International Circuit,Malaysia,Kuala Lumpur,2005
Fernando Alonso,Renault,Bahrain International Circuit,Bahrain,Sakhir,2005
Fernando Alonso,Renault,Autodromo Enzo e Dino Ferrari,Italy,Imola,2005
Kimi Räikkönen,McLaren,Circuit de Barcelona-Catalunya,Spain,Montmeló,2005
Kimi Räikkönen,McLaren,Circuit de Monaco,Monaco,Monte-Carlo,2005
Fernando Alonso,Renault,Nürburgring,Germany,Nürburg,2005
Kimi Räikkönen,McLaren,Circuit Gilles Villeneuve,Canada,Montreal,2005
Michael Schumacher,Ferrari,Indianapolis Motor Speedway,USA,Indianapolis,2005
Fernando Alonso,Renault,Circuit de Nevers Magny-Cours,France,Magny Cours,2005
Juan Pablo Montoya,McLaren,Silverstone Circuit,UK,Silverstone,2005
Fernando Alonso,Renault,Hockenheimring,Germany,Hockenheim,2005
Kimi Räikkönen,McLaren,Hungaroring,Hungary,Budapest,2005
Kimi Räikkönen,McLaren,Istanbul Park,Turkey,Istanbul,2005
Juan Pablo Montoya,McLaren,Autodromo Nazionale di Monza,Italy,Monza,2005
Kimi Räikkönen,McLaren,Circuit de Spa-Francorchamps,Belgium,Spa,2005
Juan Pablo Montoya,McLaren,Autódromo José Carlos Pace,Brazil,São Paulo,2005
Kimi Räikkönen,McLaren,Suzuka Circuit,Japan,Suzuka,2005
Fernando Alonso,Renault,Shanghai International Circuit,China,Shanghai,2005
Fernando Alonso,Renault,Bahrain International Circuit,Bahrain,Sakhir,2006
Giancarlo Fisichella,Renault,Sepang International Circuit,Malaysia,Kuala Lumpur,2006
Fernando Alonso,Renault,Albert Park Grand Prix Circuit,Australia,Melbourne,2006
Michael Schumacher,Ferrari,Autodromo Enzo e Dino Ferrari,Italy,Imola,2006
Michael Schumacher,Ferrari,Nürburgring,Germany,Nürburg,2006
Fernando Alonso,Renault,Circuit de Barcelona-Catalunya,Spain,Montmeló,2006
Fernando Alonso,Renault,Circuit de Monaco,Monaco,Monte-Carlo,2006
Fernando Alonso,Renault,Silverstone Circuit,UK,Silverstone,2006
Fernando Alonso,Renault,Circuit Gilles Villeneuve,Canada,Montreal,2006
Michael Schumacher,Ferrari,Indianapolis Motor Speedway,USA,Indianapolis,2006
Michael Schumacher,Ferrari,Circuit de Nevers Magny-Cours,France,Magny Cours,2006
Michael Schumacher,Ferrari,Hockenheimring,Germany,Hockenheim,2006
Jenson Button,Honda,Hungaroring,Hungary,Budapest,2006
Felipe Massa,Ferrari,Istanbul Park,Turkey,Istanbul,2006
Michael Schumacher,Ferrari,Autodromo Nazionale di Monza,Italy,Monza,2006
Michael Schumacher,Ferrari,Shanghai International Circuit,China,Shanghai,2006
Fernando Alonso,Renault,Suzuka Circuit,Japan,Suzuka,2006
Felipe Massa,Ferrari,Autódromo José Carlos Pace,Brazil,São Paulo,2006
Kimi Räikkönen,Ferrari,Albert Park Grand Prix Circuit,Australia,Melbourne,2007
Fernando Alonso,McLaren,Sepang International Circuit,Malaysia,Kuala Lumpur,2007
Felipe Massa,Ferrari,Bahrain International Circuit,Bahrain,Sakhir,2007
Felipe Massa,Ferrari,Circuit de Barcelona-Catalunya,Spain,Montmeló,2007
Fernando Alonso,McLaren,Circuit de Monaco,Monaco,Monte-Carlo,2007
Lewis Hamilton,McLaren,Circuit Gilles Villeneuve,Canada,Montreal,2007
Lewis Hamilton,McLaren,Indianapolis Motor Speedway,USA,Indianapolis,2007
Kimi Räikkönen,Ferrari,Circuit de Nevers Magny-Cours,France,Magny Cours,2007
Kimi Räikkönen,Ferrari,Silverstone Circuit,UK,Silverstone,2007
Fernando Alonso,McLaren,Nürburgring,Germany,Nürburg,2007
Lewis Hamilton,McLaren,Hungaroring,Hungary,Budapest,2007
Felipe Massa,Ferrari,Istanbul Park,Turkey,Istanbul,2007
Fernando Alonso,McLaren,Autodromo Nazionale di Monza,Italy,Monza,2007
Kimi Räikkönen,Ferrari,Circuit de Spa-Francorchamps,Belgium,Spa,2007
Lewis Hamilton,McLaren,Fuji Speedway,Japan,Oyama,2007
Kimi Räikkönen,Ferrari,Shanghai International Circuit,China,Shanghai,2007
Kimi Räikkönen,Ferrari,Autódromo José Carlos Pace,Brazil,São Paulo,2007
Lewis Hamilton,McLaren,Albert Park Grand Prix Circuit,Australia,Melbourne,2008
Kimi Räikkönen,Ferrari,Sepang International Circuit,Malaysia,Kuala Lumpur,2008
Felipe Massa,Ferrari,Bahrain International Circuit,Bahrain,Sakhir,2008
Kimi Räikkönen,Ferrari,Circuit de Barcelona-Catalunya,Spain,Montmeló,2008
Felipe Massa,Ferrari,Istanbul Park,Turkey,Istanbul,2008
Lewis Hamilton,McLaren,Circuit de Monaco,Monaco,Monte-Carlo,2008
Robert Kubica,BMW Sauber,Circuit Gilles Villeneuve,Canada,Montreal,2008
Felipe Massa,Ferrari,Circuit de Nevers Magny-Cours,France,Magny Cours,2008
Lewis Hamilton,McLaren,Silverstone Circuit,UK,Silverstone,2008
Lewis Hamilton,McLaren,Hockenheimring,Germany,Hockenheim,2008
Heikki Kovalainen,McLaren,Hungaroring,Hungary,Budapest,2008
Felipe Massa,Ferrari,Valencia Street Circuit,Spain,Valencia,2008
Felipe Massa,Ferrari,Circuit de Spa-Francorchamps,Belgium,Spa,2008
Sebastian Vettel,Toro Rosso,Autodromo Nazionale di Monza,Italy,Monza,2008
Fernando Alonso,Renault,Marina Bay Street Circuit,Singapore,Marina Bay,2008
Fernando Alonso,Renault,Fuji Speedway,Japan,Oyama,2008
Lewis Hamilton,McLaren,Shanghai International Circuit,China,Shanghai,2008
Felipe Massa,Ferrari,Autódromo José Carlos Pace,Brazil,São Paulo,2008
Jenson Button,Brawn,Albert Park Grand Prix Circuit,Australia,Melbourne,2009
Jenson Button,Brawn,Sepang International Circuit,Malaysia,Kuala Lumpur,2009
Sebastian Vettel,Red Bull,Shanghai International Circuit,China,Shanghai,2009
Jenson Button,Brawn,Bahrain International Circuit,Bahrain,Sakhir,2009
Jenson Button,Brawn,Circuit de Barcelona-Catalunya,Spain,Montmeló,2009
Jenson Button,Brawn,Circuit de Monaco,Monaco,Monte-Carlo,2009
Jenson Button,Brawn,Istanbul Park,Turkey,Istanbul,2009
Sebastian Vettel,Red Bull,Silverstone Circuit,UK,Silverstone,2009
Mark Webber,Red Bull,Nürburgring,Germany,Nürburg,2009
Lewis Hamilton,McLaren,Hungaroring,Hungary,Budapest,2009
Rubens Barrichello,Brawn,Valencia Street Circuit,Spain,Valencia,2009
Kimi Räikkönen,Ferrari,Circuit de Spa-Francorchamps,Belgium,Spa,2009
Rubens Barrichello,Brawn,Autodromo Nazionale di Monza,Italy,Monza,2009
Lewis Hamilton,McLaren,Marina Bay Street Circuit,Singapore,Marina Bay,2009
Sebastian Vettel,Red Bull,Suzuka Circuit,Japan,Suzuka,2009
Mark Webber,Red Bull,Autódromo José Carlos Pace,Brazil,São Paulo,2009
Sebastian Vettel,Red Bull,Yas Marina Circuit,UAE,Abu Dhabi,2009
Fernando Alonso,Ferrari,Bahrain International Circuit,Bahrain,Sakhir,2010
Jenson Button,McLaren,Albert Park Grand Prix Circuit,Australia,Melbourne,2010
Sebastian Vettel,Red Bull,Sepang International Circuit,Malaysia,Kuala Lumpur,2010
Jenson Button,McLaren,Shanghai International Circuit,China,Shanghai,2010
Mark Webber,Red Bull,Circuit de Barcelona-Catalunya,Spain,Montmeló,2010
Mark Webber,Red Bull,Circuit de Monaco,Monaco,Monte-Carlo,2010
Lewis Hamilton,McLaren,Istanbul Park,Turkey,Istanbul,2010
Lewis Hamilton,McLaren,Circuit Gilles Villeneuve,Canada,Montreal,2010
Sebastian Vettel,Red Bull,Valencia Street Circuit,Spain,Valencia,2010
Mark Webber,Red Bull,Silverstone Circuit,UK,Silverstone,2010
Fernando Alonso,Ferrari,Hockenheimring,Germany,Hockenheim,2010
Mark Webber,Red Bull,Hungaroring,Hungary,Budapest,2010
Lewis Hamilton,McLaren,Circuit de Spa-Francorchamps,Belgium,Spa,2010
Fernando Alonso,Ferrari,Autodromo Nazionale di Monza,Italy,Monza,2010
Fernando Alonso,Ferrari,Marina Bay Street Circuit,Singapore,Marina Bay,2010
Sebastian Vettel,Red Bull,Suzuka Circuit,Japan,Suzuka,2010
Fernando Alonso,Ferrari,Korean International Circuit,Korea,Yeongam County,2010
Sebastian Vettel,Red Bull,Autódromo José Carlos Pace,Brazil,São Paulo,2010
Sebastian Vettel,Red Bull,Yas Marina Circuit,UAE,Abu Dhabi,2010
Sebastian Vettel,Red Bull,Albert Park Grand Prix Circuit,Australia,Melbourne,2011
Sebastian Vettel,Red Bull,Sepang International Circuit,Malaysia,Kuala Lumpur,2011
Lewis Hamilton,McLaren,Shanghai International Circuit,China,Shanghai,2011
Sebastian Vettel,Red Bull,Istanbul Park,Turkey,Istanbul,2011
Sebastian Vettel,Red Bull,Circuit de Barcelona-Catalunya,Spain,Montmeló,2011
Sebastian Vettel,Red Bull,Circuit de Monaco,Monaco,Monte-Carlo,2011
Jenson Button,McLaren,Circuit Gilles Villeneuve,Canada,Montreal,2011
Sebastian Vettel,Red Bull,Valencia Street Circuit,Spain,Valencia,2011
Fernando Alonso,Ferrari,Silverstone Circuit,UK,Silverstone,2011
Lewis Hamilton,McLaren,Nürburgring,Germany,Nürburg,2011
Jenson Button,McLaren,Hungaroring,Hungary,Budapest,2011
Sebastian Vettel,Red Bull,Circuit de Spa-Francorchamps,Belgium,Spa,2011
Sebastian Vettel,Red Bull,Autodromo Nazionale di Monza,Italy,Monza,2011
Sebastian Vettel,Red Bull,Marina Bay Street Circuit,Singapore,Marina Bay,2011
Jenson Button,McLaren,Suzuka Circuit,Japan,Suzuka,2011
Sebastian Vettel,Red Bull,Korean International Circuit,Korea,Yeongam County,2011
Sebastian Vettel,Red Bull,Buddh International Circuit,India,Uttar Pradesh,2011
Lewis Hamilton,McLaren,Yas Marina Circuit,UAE,Abu Dhabi,2011
Mark Webber,Red Bull,Autódromo José Carlos Pace,Brazil,São Paulo,2011
Jenson Button,McLaren,Albert Park Grand Prix Circuit,Australia,Melbourne,2012
Fernando Alonso,Ferrari,Sepang International Circuit,Malaysia,Kuala Lumpur,2012
Nico Rosberg,Mercedes,Shanghai International Circuit,China,Shanghai,2012
Sebastian Vettel,Red Bull,Bahrain International Circuit,Bahrain,Sakhir,2012
Pastor Maldonado,Williams,Circuit de Barcelona-Catalunya,Spain,Montmeló,2012
Mark Webber,Red Bull,Circuit de Monaco,Monaco,Monte-Carlo,2012
Lewis Hamilton,McLaren,Circuit Gilles Villeneuve,Canada,Montreal,2012
Fernando Alonso,Ferrari,Valencia Street Circuit,Spain,Valencia,2012
Mark Webber,Red Bull,Silverstone Circuit,UK,Silverstone,2012
Fernando Alonso,Ferrari,Hockenheimring,Germany,Hockenheim,2012
Lewis Hamilton,McLaren,Hungaroring,Hungary,Budapest,2012
Jenson Button,McLaren,Circuit de Spa-Francorchamps,Belgium,Spa,2012
Lewis Hamilton,McLaren,Autodromo Nazionale di Monza,Italy,Monza,2012
Sebastian Vettel,Red Bull,Marina Bay Street Circuit,Singapore,Marina Bay,2012
Sebastian Vettel,Red Bull,Suzuka Circuit,Japan,Suzuka,2012
Sebastian Vettel,Red Bull,Korean International Circuit,Korea,Yeongam County,2012
Sebastian Vettel,Red Bull,Buddh International Circuit,India,Uttar Pradesh,2012
Kimi Räikkönen,Lotus F1,Yas Marina Circuit,UAE,Abu Dhabi,2012
Lewis Hamilton,McLaren,Circuit of the Americas,USA,Austin,2012
Jenson Button,McLaren,Autódromo José Carlos Pace,Brazil,São Paulo,2012
Kimi Räikkönen,Lotus F1,Albert Park Grand Prix Circuit,Australia,Melbourne,2013
Sebastian Vettel,Red Bull,Sepang International Circuit,Malaysia,Kuala Lumpur,2013
Fernando Alonso,Ferrari,Shanghai International Circuit,China,Shanghai,2013
Sebastian Vettel,Red Bull,Bahrain International Circuit,Bahrain,Sakhir,2013
Fernando Alonso,Ferrari,Circuit de Barcelona-Catalunya,Spain,Montmeló,2013
Nico Rosberg,Mercedes,Circuit de Monaco,Monaco,Monte-Carlo,2013
Sebastian Vettel,Red Bull,Circuit Gilles Villeneuve,Canada,Montreal,2013
Nico Rosberg,Mercedes,Silverstone Circuit,UK,Silverstone,2013
Sebastian Vettel,Red Bull,Nürburgring,Germany,Nürburg,2013
Lewis Hamilton,Mercedes,Hungaroring,Hungary,Budapest,2013
Sebastian Vettel,Red Bull,Circuit de Spa-Francorchamps,Belgium,Spa,2013
Sebastian Vettel,Red Bull,Autodromo Nazionale di Monza,Italy,Monza,2013
Sebastian Vettel,Red Bull,Marina Bay Street Circuit,Singapore,Marina Bay,2013
Sebastian Vettel,Red Bull,Korean International Circuit,Korea,Yeongam County,2013
Sebastian Vettel,Red Bull,Suzuka Circuit,Japan,Suzuka,2013
Sebastian Vettel,Red Bull,Buddh International Circuit,India,Uttar Pradesh,2013
Sebastian Vettel,Red Bull,Yas Marina Circuit,UAE,Abu Dhabi,2013
Sebastian Vettel,Red Bull,Circuit of the Americas,USA,Austin,2013
Sebastian Vettel,Red Bull,Autódromo José Carlos Pace,Brazil,São Paulo,2013
Nico Rosberg,Mercedes,Albert Park Grand Prix Circuit,Australia,Melbourne,2014
Lewis Hamilton,Mercedes,Sepang International Circuit,Malaysia,Kuala Lumpur,2014
Lewis Hamilton,Mercedes,Bahrain International Circuit,Bahrain,Sakhir,2014
Lewis Hamilton,Mercedes,Shanghai International Circuit,China,Shanghai,2014
Lewis Hamilton,Mercedes,Circuit de Barcelona-Catalunya,Spain,Montmeló,2014
Nico Rosberg,Mercedes,Circuit de Monaco,Monaco,Monte-Carlo,2014
Daniel Ricciardo,Red Bull,Circuit Gilles Villeneuve,Canada,Montreal,2014
Nico Rosberg,Mercedes,Red Bull Ring,Austria,Spielberg,2014
Lewis Hamilton,Mercedes,Silverstone Circuit,UK,Silverstone,2014
Nico Rosberg,Mercedes,Hockenheimring,Germany,Hockenheim,2014
Daniel Ricciardo,Red Bull,Hungaroring,Hungary,Budapest,2014
Daniel Ricciardo,Red Bull,Circuit de Spa-Francorchamps,Belgium,Spa,2014
Lewis Hamilton,Mercedes,Autodromo Nazionale di Monza,Italy,Monza,2014
Lewis Hamilton,Mercedes,Marina Bay Street Circuit,Singapore,Marina Bay,2014
Lewis Hamilton,Mercedes,Suzuka Circuit,Japan,Suzuka,2014
Lewis Hamilton,Mercedes,Sochi Autodrom,Russia,Sochi,2014
Lewis Hamilton,Mercedes,Circuit of the Americas,USA,Austin,2014
Nico Rosberg,Mercedes,Autódromo José Carlos Pace,Brazil,São Paulo,2014
Lewis Hamilton,Mercedes,Yas Marina Circuit,UAE,Abu Dhabi,2014
Lewis Hamilton,Mercedes,Albert Park Grand Prix Circuit,Australia,Melbourne,2015
Sebastian Vettel,Ferrari,Sepang International Circuit,Malaysia,Kuala Lumpur,2015
Lewis Hamilton,Mercedes,Shanghai International Circuit,China,Shanghai,2015
Lewis Hamilton,Mercedes,Bahrain International Circuit,Bahrain,Sakhir,2015
Nico Rosberg,Mercedes,Circuit de Barcelona-Catalunya,Spain,Montmeló,2015
Nico Rosberg,Mercedes,Circuit de Monaco,Monaco,Monte-Carlo,2015
Lewis Hamilton,Mercedes,Circuit Gilles Villeneuve,Canada,Montreal,2015
Nico Rosberg,Mercedes,Red Bull Ring,Austria,Spielberg,2015
Lewis Hamilton,Mercedes,Silverstone Circuit,UK,Silverstone,2015
Sebastian Vettel,Ferrari,Hungaroring,Hungary,Budapest,2015
Lewis Hamilton,Mercedes,Circuit de Spa-Francorchamps,Belgium,Spa,2015
Lewis Hamilton,Mercedes,Autodromo Nazionale di Monza,Italy,Monza,2015
Sebastian Vettel,Ferrari,Marina Bay Street Circuit,Singapore,Marina Bay,2015
Lewis Hamilton,Mercedes,Suzuka Circuit,Japan,Suzuka,2015
Lewis Hamilton,Mercedes,Sochi Autodrom,Russia,Sochi,2015
Lewis Hamilton,Mercedes,Circuit of the Americas,USA,Austin,2015
Nico Rosberg,Mercedes,Autódromo Hermanos Rodríguez,Mexico,Mexico City,2015
Nico Rosberg,Mercedes,Autódromo José Carlos Pace,Brazil,São Paulo,2015
Nico Rosberg,Mercedes,Yas Marina Circuit,UAE,Abu Dhabi,2015
Nico Rosberg,Mercedes,Albert Park Grand Prix Circuit,Australia,Melbourne,2016
Nico Rosberg,Mercedes,Bahrain International Circuit,Bahrain,Sakhir,2016
Nico Rosberg,Mercedes,Shanghai International Circuit,China,Shanghai,2016
Nico Rosberg,Mercedes,Sochi Autodrom,Russia,Sochi,2016
Max Verstappen,Red Bull,Circuit de Barcelona-Catalunya,Spain,Montmeló,2016
Lewis Hamilton,Mercedes,Circuit de Monaco,Monaco,Monte-Carlo,2016
Lewis Hamilton,Mercedes,Circuit Gilles Villeneuve,Canada,Montreal,2016
Nico Rosberg,Mercedes,Baku City Circuit,Azerbaijan,Baku,2016
Lewis Hamilton,Mercedes,Red Bull Ring,Austria,Spielberg,2016
Lewis Hamilton,Mercedes,Silverstone Circuit,UK,Silverstone,2016
Lewis Hamilton,Mercedes,Hungaroring,Hungary,Budapest,2016
Lewis Hamilton,Mercedes,Hockenheimring,Germany,Hockenheim,2016
Nico Rosberg,Mercedes,Circuit de Spa-Francorchamps,Belgium,Spa,2016
Nico Rosberg,Mercedes,Autodromo Nazionale di Monza,Italy,Monza,2016
Nico Rosberg,Mercedes,Marina Bay Street Circuit,Singapore,Marina Bay,2016
Daniel Ricciardo,Red Bull,Sepang International Circuit,Malaysia,Kuala Lumpur,2016
Nico Rosberg,Mercedes,Suzuka Circuit,Japan,Suzuka,2016
Lewis Hamilton,Mercedes,Circuit of the Americas,USA,Austin,2016
Lewis Hamilton,Mercedes,Autódromo Hermanos Rodríguez,Mexico,Mexico City,2016
Lewis Hamilton,Mercedes,Autódromo José Carlos Pace,Brazil,São Paulo,2016
Lewis Hamilton,Mercedes,Yas Marina Circuit,UAE,Abu Dhabi,2016
Sebastian Vettel,Ferrari,Albert Park Grand Prix Circuit,Australia,Melbourne,2017
Lewis Hamilton,Mercedes,Shanghai International Circuit,China,Shanghai,2017
Sebastian Vettel,Ferrari,Bahrain International Circuit,Bahrain,Sakhir,2017
Valtteri Bottas,Mercedes,Sochi Autodrom,Russia,Sochi,2017
Lewis Hamilton,Mercedes,Circuit de Barcelona-Catalunya,Spain,Montmeló,2017
Sebastian Vettel,Ferrari,Circuit de Monaco,Monaco,Monte-Carlo,2017
Lewis Hamilton,Mercedes,Circuit Gilles Villeneuve,Canada,Montreal,2017
Daniel Ricciardo,Red Bull,Baku City Circuit,Azerbaijan,Baku,2017
Valtteri Bottas,Mercedes,Red Bull Ring,Austria,Spielberg,2017
Lewis Hamilton,Mercedes,Silverstone Circuit,UK,Silverstone,2017
Sebastian Vettel,Ferrari,Hungaroring,Hungary,Budapest,2017
Lewis Hamilton,Mercedes,Circuit de Spa-Francorchamps,Belgium,Spa,2017
Lewis Hamilton,Mercedes,Autodromo Nazionale di Monza,Italy,Monza,2017
Lewis Hamilton,Mercedes,Marina Bay Street Circuit,Singapore,Marina Bay,2017
Max Verstappen,Red Bull,Sepang International Circuit,Malaysia,Kuala Lumpur,2017
Lewis Hamilton,Mercedes,Suzuka Circuit,Japan,Suzuka,2017
Lewis Hamilton,Mercedes,Circuit of the Americas,USA,Austin,2017
Max Verstappen,Red Bull,Autódromo Hermanos Rodríguez,Mexico,Mexico City,2017
Sebastian Vettel,Ferrari,Autódromo José Carlos Pace,Brazil,São Paulo,2017
Valtteri Bottas,Mercedes,Yas Marina Circuit,UAE,Abu Dhabi,2017
Sebastian Vettel,Ferrari,Albert Park Grand Prix Circuit,Australia,Melbourne,2018
Sebastian Vettel,Ferrari,Bahrain International Circuit,Bahrain,Sakhir,2018
Daniel Ricciardo,Red Bull,Shanghai International Circuit,China,Shanghai,2018
Lewis Hamilton,Mercedes,Baku City Circuit,Azerbaijan,Baku,2018
Lewis Hamilton,Mercedes,Circuit de Barcelona-Catalunya,Spain,Montmeló,2018
Daniel Ricciardo,Red Bull,Circuit de Monaco,Monaco,Monte-Carlo,2018
Sebastian Vettel,Ferrari,Circuit Gilles Villeneuve,Canada,Montreal,2018
Lewis Hamilton,Mercedes,Circuit Paul Ricard,France,Le Castellet,2018
Max Verstappen,Red Bull,Red Bull Ring,Austria,Spielberg,2018
Sebastian Vettel,Ferrari,Silverstone Circuit,UK,Silverstone,2018
Lewis Hamilton,Mercedes,Hockenheimring,Germany,Hockenheim,2018
Lewis Hamilton,Mercedes,Hungaroring,Hungary,Budapest,2018
Sebastian Vettel,Ferrari,Circuit de Spa-Francorchamps,Belgium,Spa,2018
Lewis Hamilton,Mercedes,Autodromo Nazionale di Monza,Italy,Monza,2018
Lewis Hamilton,Mercedes,Marina Bay Street Circuit,Singapore,Marina Bay,2018
Lewis Hamilton,Mercedes,Sochi Autodrom,Russia,Sochi,2018
Lewis Hamilton,Mercedes,Suzuka Circuit,Japan,Suzuka,2018
Kimi Räikkönen,Ferrari,Circuit of the Americas,USA,Austin,2018
Max Verstappen,Red Bull,Autódromo Hermanos Rodríguez,Mexico,Mexico City,2018
Lewis Hamilton,Mercedes,Autódromo José Carlos Pace,Brazil,São Paulo,2018
Lewis Hamilton,Mercedes,Yas Marina Circuit,UAE,Abu Dhabi,2018
Valtteri Bottas,Mercedes,Albert Park Grand Prix Circuit,Australia,Melbourne,2019
Lewis Hamilton,Mercedes,Bahrain International Circuit,Bahrain,Sakhir,2019
Lewis Hamilton,Mercedes,Shanghai International Circuit,China,Shanghai,2019
Valtteri Bottas,Mercedes,Baku City Circuit,Azerbaijan,Baku,2019
Lewis Hamilton,Mercedes,Circuit de Barcelona-Catalunya,Spain,Montmeló,2019
Lewis Hamilton,Mercedes,Circuit de Monaco,Monaco,Monte-Carlo,2019
Lewis Hamilton,Mercedes,Circuit Gilles Villeneuve,Canada,Montreal,2019
Lewis Hamilton,Mercedes,Circuit Paul Ricard,France,Le Castellet,2019
Max Verstappen,Red Bull,Red Bull Ring,Austria,Spielberg,2019
Lewis Hamilton,Mercedes,Silverstone Circuit,UK,Silverstone,2019
Max Verstappen,Red Bull,Hockenheimring,Germany,Hockenheim,2019
Lewis Hamilton,Mercedes,Hungaroring,Hungary,Budapest,2019
Charles Leclerc,Ferrari,Circuit de Spa-Francorchamps,Belgium,Spa,2019
Charles Leclerc,Ferrari,Autodromo Nazionale di Monza,Italy,Monza,2019
Sebastian Vettel,Ferrari,Marina Bay Street Circuit,Singapore,Marina Bay,2019
Lewis Hamilton,Mercedes,Sochi Autodrom,Russia,Sochi,2019
Valtteri Bottas,Mercedes,Suzuka Circuit,Japan,Suzuka,2019
Lewis Hamilton,Mercedes,Autódromo Hermanos Rodríguez,Mexico,Mexico City,2019
Valtteri Bottas,Mercedes,Circuit of the Americas,USA,Austin,2019
Max Verstappen,Red Bull,Autódromo José Carlos Pace,Brazil,São Paulo,2019
Lewis Hamilton,Mercedes,Yas Marina Circuit,UAE,Abu Dhabi,2019
Valtteri Bottas,Mercedes,Red Bull Ring,Austria,Spielberg,2020
Lewis Hamilton,Mercedes,Red Bull Ring,Austria,Spielberg,2020
Lewis Hamilton,Mercedes,Hungaroring,Hungary,Budapest,2020
Lewis Hamilton,Mercedes,Silverstone Circuit,UK,Silverstone,2020
Max Verstappen,Red Bull,Silverstone Circuit,UK,Silverstone,2020
Lewis Hamilton,Mercedes,Circuit de Barcelona-Catalunya,Spain,Montmeló,2020
Lewis Hamilton,Mercedes,Circuit de Spa-Francorchamps,Belgium,Spa,2020
Pierre Gasly,AlphaTauri,Autodromo Nazionale di Monza,Italy,Monza,2020
Lewis Hamilton,Mercedes,Autodromo Internazionale del Mugello,Italy,Mugello,2020
Valtteri Bottas,Mercedes,Sochi Autodrom,Russia,Sochi,2020
Lewis Hamilton,Mercedes,Nürburgring,Germany,Nürburg,2020
Lewis Hamilton,Mercedes,Autódromo Internacional do Algarve,Portugal,Portimão,2020
Lewis Hamilton,Mercedes,Autodromo Enzo e Dino Ferrari,Italy,Imola,2020
Lewis Hamilton,Mercedes,Istanbul Park,Turkey,Istanbul,2020
Lewis Hamilton,Mercedes,Bahrain International Circuit,Bahrain,Sakhir,2020
Sergio Pérez,Racing Point,Bahrain International Circuit,Bahrain,Sakhir,2020
Max Verstappen,Red Bull,Yas Marina Circuit,UAE,Abu Dhabi,2020
Lewis Hamilton,Mercedes,Bahrain International Circuit,Bahrain,Sakhir,2021
Max Verstappen,Red Bull,Autodromo Enzo e Dino Ferrari,Italy,Imola,2021
Lewis Hamilton,Mercedes,Autódromo Internacional do Algarve,Portugal,Portimão,2021
Lewis Hamilton,Mercedes,Circuit de Barcelona-Catalunya,Spain,Montmeló,2021
Max Verstappen,Red Bull,Circuit de Monaco,Monaco,Monte-Carlo,2021
Sergio Pérez,Red Bull,Baku City Circuit,Azerbaijan,Baku,2021
Max Verstappen,Red Bull,Circuit Paul Ricard,France,Le Castellet,2021
Max Verstappen,Red Bull,Red Bull Ring,Austria,Spielberg,2021
Max Verstappen,Red Bull,Red Bull Ring,Austria,Spielberg,2021
Lewis Hamilton,Mercedes,Silverstone Circuit,UK,Silverstone,2021
Esteban Ocon,Alpine F1 Team,Hungaroring,Hungary,Budapest,2021
Max Verstappen,Red Bull,Circuit de Spa-Francorchamps,Belgium,Spa,2021
Max Verstappen,Red Bull,Circuit Park Zandvoort,Netherlands,Zandvoort,2021
Daniel Ricciardo,McLaren,Autodromo Nazionale di Monza,Italy,Monza,2021
Lewis Hamilton,Mercedes,Sochi Autodrom,Russia,Sochi,2021
Valtteri Bottas,Mercedes,Istanbul Park,Turkey,Istanbul,2021
Max Verstappen,Red Bull,Circuit of the Americas,USA,Austin,2021
Max Verstappen,Red Bull,Autódromo Hermanos Rodríguez,Mexico,Mexico City,2021
Lewis Hamilton,Mercedes,Autódromo José Carlos Pace,Brazil,São Paulo,2021
Lewis Hamilton,Mercedes,Losail International Circuit,Qatar,Al Daayen,2021
Lewis Hamilton,Mercedes,Jeddah Corniche Circuit,Saudi Arabia,Jeddah,2021
Max Verstappen,Red Bull,Yas Marina Circuit,UAE,Abu Dhabi,2021
Charles Leclerc,Ferrari,Bahrain International Circuit,Bahrain,Sakhir,2022
Max Verstappen,Red Bull,Jeddah Corniche Circuit,Saudi Arabia,Jeddah,2022
Charles Leclerc,Ferrari,Albert Park Grand Prix Circuit,Australia,Melbourne,2022
Max Verstappen,Red Bull,Autodromo Enzo e Dino Ferrari,Italy,Imola,2022
Max Verstappen,Red Bull,Miami International Autodrome,USA,Miami,2022
Max Verstappen,Red Bull,Circuit de Barcelona-Catalunya,Spain,Montmeló,2022
Sergio Pérez,Red Bull,Circuit de Monaco,Monaco,Monte-Carlo,2022
Max Verstappen,Red Bull,Baku City Circuit,Azerbaijan,Baku,2022
Max Verstappen,Red Bull,Circuit Gilles Villeneuve,Canada,Montreal,2022
Carlos Sainz,Ferrari,Silverstone Circuit,UK,Silverstone,2022
Charles Leclerc,Ferrari,Red Bull Ring,Austria,Spielberg,2022
Max Verstappen,Red Bull,Circuit Paul Ricard,France,Le Castellet,2022
Max Verstappen,Red Bull,Hungaroring,Hungary,Budapest,2022
