driver,nationality,year_of_first_race_start,Age_of_first_race_start,year_of_latest_race_start,Age_of_latest_race_start
Max Verstappen,Dutch,2015-03-15,18,2022-07-31,25
Thomas Monarch,American,1963-10-27,18,1963-10-27,18
Jaime Alguersuari,Spanish,2009-07-26,19,2011-11-27,21
Lance Stroll,Canadian,2017-03-26,19,2022-07-31,24
Mike Thackwell,New Zealander,1980-08-31,19,1984-08-05,23
Ricardo Rodríguez,Mexican,1961-09-10,19,1962-09-16,20
Chris Amon,New Zealander,1963-05-26,20,1976-10-03,33
Daniil Kvyat,Russian,2014-03-16,20,2020-12-13,26
Eddie Cheever,American,1978-01-15,20,1989-11-05,31
Esteban Ocon,French,2016-08-28,20,2022-07-31,26
Esteban Tuero,Argentine,1998-03-08,20,1998-11-01,20
Fernando Alonso,Spanish,2001-03-04,20,2022-07-31,41
Jenson Button,British,2000-03-12,20,2017-05-28,37
Lando Norris,British,2019-03-17,20,2022-07-31,23
Sebastian Vettel,German,2007-06-17,20,2022-07-31,35
Tarso Marques,Brazilian,1996-03-31,20,2001-09-02,25
Troy Ruttman,American,1950-05-30,20,1960-05-30,30
Andrea de Cesaris,Italian,1980-09-28,21,1994-10-16,35
Beppe Gabbiani,Italian,1978-10-01,21,1981-10-17,24
Bruce McLaren,New Zealander,1958-08-03,21,1970-05-10,33
Carlos Sainz,Spanish,2015-03-15,21,2022-07-31,28
Charles Leclerc,Monegasque,2018-03-25,21,2022-07-31,25
Christian Fittipaldi,Brazilian,1992-03-01,21,1994-11-13,23
Christian Klien,Austrian,2004-03-07,21,2010-11-14,27
Elio de Angelis,Italian,1979-01-21,21,1986-05-11,28
Felipe Massa,Brazilian,2002-03-03,21,2017-11-26,36
Fritz d'Orey,Brazilian,1959-07-05,21,1959-12-12,21
George Russell,British,2019-03-17,21,2022-07-31,24
Hector Rebaque,Mexican,1977-06-05,21,1981-10-17,25
Jerry Hoyt,American,1950-05-30,21,1955-05-30,26
Jimmy Davies,American,1950-05-30,21,1955-05-30,26
Keith Greene,British,1959-07-18,21,1962-09-16,24
Nico Rosberg,German,2006-03-12,21,2016-11-27,31
Pedro Lamy,Portuguese,1993-09-12,21,1996-10-13,24
Peter Collins,British,1952-05-18,21,1958-08-03,27
Peter Ryan,Canadian,1961-10-08,21,1961-10-08,21
Pierre Gasly,French,2017-10-01,21,2022-07-31,26
Rubens Barrichello,Brazilian,1993-03-14,21,2011-11-27,39
Sergio Pérez,Mexican,2011-03-27,21,2022-07-31,32
Sébastien Buemi,Swiss,2009-03-29,21,2011-11-27,23
Yuki Tsunoda,Japanese,2021-03-28,21,2022-07-31,22
Alan Rollinson,British,1965-07-10,22,1965-07-10,22
Alex Caffi,Italian,1986-09-07,22,1991-11-03,27
Bruce Kessler,American,1958-05-18,22,1958-05-18,22
Charles Pic,French,2012-03-18,22,2013-11-24,23
Chris Bristow,British,1959-07-18,22,1960-06-19,23
Corrado Fabi,Italian,1983-03-13,22,1984-07-08,23
Daniel Ricciardo,Australian,2011-07-10,22,2022-07-31,33
Ernie de Vos,Dutch,1963-10-06,22,1963-10-06,22
Esteban Gutiérrez,Mexican,2013-03-17,22,2016-11-27,25
Gianni Morbidelli,Italian,1990-03-11,22,1997-10-12,29
Ivan Capelli,Italian,1985-10-06,22,1993-03-28,30
Jacky Ickx,Belgian,1967-08-06,22,1979-10-07,34
Jan Magnussen,Danish,1995-10-22,22,1998-06-07,25
Jean-Éric Vergne,French,2012-03-18,22,2014-11-23,24
Jim Rathmann,American,1950-05-30,22,1960-05-30,32
Jimmy Stewart,British,1953-07-18,22,1953-07-18,22
Jochen Rindt,Austrian,1964-08-23,22,1970-09-06,28
Jody Scheckter,South African,1972-10-08,22,1980-10-05,30
Jos Verstappen,Dutch,1994-03-27,22,2003-10-12,31
Kazuki Nakajima,Japanese,2007-10-21,22,2009-11-01,24
Kevin Magnussen,Danish,2014-03-16,22,2022-07-31,30
Kimi Räikkönen,Finnish,2001-03-04,22,2021-12-12,42
Lewis Hamilton,British,2007-03-18,22,2022-07-31,37
Luca Badoer,Italian,1993-03-14,22,2009-08-30,38
Max Chilton,British,2013-03-17,22,2014-10-12,23
Michael Schumacher,German,1991-08-25,22,2012-11-25,43
Mick Schumacher,German,2021-03-28,22,2022-07-31,23
Niki Lauda,Austrian,1971-08-15,22,1985-11-03,36
Nikita Mazepin,Russian,2021-03-28,22,2021-12-12,22
Norberto Fontana,Argentine,1997-06-29,22,1997-10-26,22
Pascal Wehrlein,German,2016-03-20,22,2017-11-26,23
Ralf Schumacher,German,1997-03-09,22,2007-10-21,32
Robert Kubica,Polish,2006-08-06,22,2021-09-12,37
Rupert Keegan,British,1977-05-08,22,1982-09-25,27
Stirling Moss,British,1951-05-27,22,1961-10-08,32
Timo Glock,German,2004-06-13,22,2012-11-25,30
Zsolt Baumgartner,Hungarian,2003-08-24,22,2004-10-24,23
Alexander Albon,Thai,2019-03-17,23,2022-07-31,26
Alexander Wurz,Austrian,1997-06-15,23,2007-10-07,33
Anthony Davidson,British,2002-08-18,23,2008-04-27,29
Anthony Foyt,American,1958-05-30,23,1960-05-30,25
Antônio Pizzonia,Brazilian,2003-03-09,23,2005-10-16,25
Billy Garrett,American,1956-05-30,23,1958-05-30,25
Carel Godin de Beaufort,Dutch,1957-08-04,23,1964-05-24,30
Cesare Perdisa,Italian,1955-05-22,23,1957-01-13,25
David Coulthard,British,1994-05-29,23,2008-11-02,37
Enrique Bernoldi,Brazilian,2001-03-04,23,2002-07-28,24
Felipe Nasr,Brazilian,2015-03-15,23,2016-11-27,24
Giancarlo Fisichella,Italian,1996-03-10,23,2009-11-01,36
Gianmaria Bruni,Italian,2004-03-07,23,2004-10-24,23
Guanyu Zhou,Chinese,2022-03-20,23,2022-07-31,23
Hans-Joachim Stuck,German,1974-01-13,23,1979-10-07,28
Ingo Hoffmann,Brazilian,1976-01-25,23,1977-01-23,24
Jan Lammers,Dutch,1979-01-21,23,1992-11-08,36
Jarno Trulli,Italian,1997-03-09,23,2011-11-27,37
Jimmy Reece,American,1952-05-30,23,1958-05-30,29
Jyrki Järvilehto,Finnish,1989-09-24,23,1994-11-13,28
Kamui Kobayashi,Japanese,2009-10-18,23,2014-11-23,28
Karl Wendlinger,Austrian,1991-10-20,23,1995-11-12,27
Michael Bartels,German,1991-07-28,23,1991-09-29,23
Mika Häkkinen,Finnish,1991-03-10,23,2001-10-14,33
Mike Hailwood,British,1963-07-20,23,1974-08-04,34
Mike Harris,South African,1962-12-29,23,1962-12-29,23
Mike Hawthorn,British,1952-06-22,23,1958-10-19,29
Nelson Piquet Jr.,Brazilian,2008-03-16,23,2009-07-26,24
Nick Heidfeld,German,2000-03-12,23,2011-07-31,34
Nico Hülkenberg,German,2010-03-14,23,2022-03-27,35
Nicola Larini,Italian,1987-09-06,23,1997-05-11,33
Pedro Rodríguez,Mexican,1963-10-06,23,1971-07-04,31
Pierluigi Martini,Italian,1984-09-09,23,1995-07-30,34
Ricardo Zonta,Brazilian,1999-03-07,23,2005-06-19,29
Riccardo Patrese,Italian,1977-05-22,23,1993-11-07,39
Rio Haryanto,Indonesian,2016-03-20,23,2016-07-31,23
Roberto Moreno,Brazilian,1982-07-03,23,1995-11-12,36
Romain Grosjean,French,2009-08-23,23,2020-11-29,34
Scott Speed,American,2006-03-12,23,2007-07-22,24
Sergey Sirotkin,Russian,2018-03-25,23,2018-11-25,23
Tony Brise,British,1975-04-27,23,1975-10-05,23
Trevor Taylor,British,1959-07-18,23,1966-07-16,30
Will Stevens,British,2014-11-23,23,2015-11-29,24
Adrian Sutil,German,2007-03-18,24,2014-11-23,31
Alexander Rossi,American,2015-09-20,24,2015-11-15,24
Antonio Giovinazzi,Italian,2017-03-26,24,2021-12-12,28
Ayrton Senna,Brazilian,1984-03-25,24,1994-05-01,34
Bernd Schneider,German,1988-04-03,24,1990-09-30,26
Bill Mackey,American,1951-05-30,24,1951-05-30,24
Bob Scott,American,1952-05-30,24,1954-05-31,26
Brausch Niemann,South African,1963-12-28,24,1965-01-01,26
Chico Serra,Brazilian,1981-03-15,24,1983-05-15,26
Chris Irwin,British,1966-07-16,24,1967-10-22,25
Clive Puzey,Rhodesian,1965-01-01,24,1965-01-01,24
Emanuele Naspetti,Italian,1992-08-30,24,1993-09-26,25
Emerson Fittipaldi,Brazilian,1970-07-18,24,1980-10-05,34
Ernie Pieterse,South African,1962-12-29,24,1965-01-01,27
Gene Hartley,American,1950-05-30,24,1960-05-30,34
George Eaton,Canadian,1969-10-05,24,1971-09-19,26
Gregor Foitek,Swiss,1989-03-26,24,1990-08-12,25
Ian Stewart,British,1953-07-18,24,1953-07-18,24
Jim Clark,British,1960-06-06,24,1968-01-01,32
John Barber,British,1953-01-18,24,1953-01-18,24
Jules Bianchi,French,2013-03-17,24,2014-10-05,25
Kevin Cogan,American,1980-09-28,24,1981-03-15,25
Lamberto Leoni,Italian,1977-09-11,24,1978-04-02,25
Lance Reventlow,American,1960-05-29,24,1960-07-16,24
Larry Perkins,Australian,1974-08-04,24,1977-07-03,27
Marcus Ericsson,Swedish,2014-03-16,24,2018-11-25,28
Mike Fisher,American,1967-08-27,24,1967-10-22,24
Neville Lederle,South African,1962-12-29,24,1965-01-01,27
Pat Flaherty,American,1950-05-30,24,1959-05-30,33
Pietro Fittipaldi,Brazilian,2020-12-06,24,2020-12-13,24
Riccardo Paletti,Italian,1982-01-23,24,1982-06-13,24
Richard Attwood,British,1964-07-11,24,1969-05-18,29
Robert Doornbos,Dutch,2005-07-24,24,2006-10-22,25
Roberto Guerrero,Colombian,1982-01-23,24,1983-09-25,25
Roberto Merhi,Spanish,2015-03-29,24,2015-11-29,24
Rodney Nuckey,British,1953-08-02,24,1954-07-17,25
Roger Penske,American,1961-10-08,24,1962-10-07,25
Sakon Yamamoto,Japanese,2006-07-30,24,2010-10-24,28
Sergio Mantovani,Italian,1953-09-13,24,1955-01-16,26
Stefan Johansson,Swedish,1980-01-13,24,1991-07-14,35
Stefano Modena,Italian,1987-11-15,24,1992-11-08,29
Stoffel Vandoorne,Belgian,2016-04-03,24,2018-11-25,26
Stéphane Sarrazin,French,1999-04-11,24,1999-04-11,24
Timmy Mayer,American,1962-10-07,24,1962-10-07,24
Tom Bridger,British,1958-10-19,24,1958-10-19,24
Tom Jones,American,1967-08-27,24,1967-08-27,24
Tommy Byrne,Irish,1982-08-08,24,1982-09-25,24
Tony Brooks,British,1956-05-13,24,1961-10-08,29
Tony Maggs,South African,1961-07-15,24,1965-01-01,28
Toranosuke Takagi,Japanese,1998-03-08,24,1999-10-31,25
Valtteri Bottas,Finnish,2013-03-17,24,2022-07-31,33
Alain Prost,French,1980-01-13,25,1993-11-07,38
Alan Stacey,British,1958-07-19,25,1960-06-19,27
Alessandro Zanardi,Italian,1991-09-29,25,1999-10-31,33
Alex Yoong,Malaysian,2001-09-16,25,2002-10-13,26
Allen Berg,Canadian,1986-06-22,25,1986-10-26,25
Bernard de Dryver,Belgian,1977-06-05,25,1977-06-05,25
Bobby Rahal,American,1978-10-01,25,1978-10-08,25
Bruce Halford,British,1956-07-14,25,1960-07-03,29
Bruce Johnstone,South African,1962-12-29,25,1962-12-29,25
Bruno Giacomelli,Italian,1977-09-11,25,1990-09-30,38
Charles de Tornaco,Belgian,1952-06-22,25,1952-09-07,25
David Brabham,Australian,1990-05-13,25,1994-11-13,29
Derek Daly,Irish,1978-04-02,25,1982-09-25,29
Enrico Bertaggia,Italian,1989-08-27,25,1989-11-05,25
Eugenio Castellotti,Italian,1955-01-16,25,1957-01-13,27
Gabriele Tarquini,Italian,1987-05-03,25,1995-10-01,33
Gary Hocking,Rhodesian,1962-12-29,25,1962-12-29,25
Gastón Mazzacane,Argentine,2000-03-12,25,2001-04-15,26
Gerhard Berger,Austrian,1984-08-19,25,1997-10-26,38
Gerry Ashmore,British,1961-07-15,25,1962-09-16,26
Giorgio Pantano,Italian,2004-03-07,25,2004-09-12,25
Günther Seiffert,German,1962-08-05,25,1963-09-08,26
Hans Herrmann,German,1953-08-02,25,1961-08-06,33
Hideki Noda,Japanese,1994-10-16,25,1994-11-13,25
Jack Aitken,British,2020-12-06,25,2020-12-06,25
Jackie Lewis,British,1961-06-18,25,1962-08-05,26
Jackie Oliver,British,1967-08-06,25,1977-06-19,35
Jacques Swaters,American,1951-07-29,25,1954-10-24,28
Jacques Villeneuve,Canadian,1996-03-10,25,2006-07-30,35
Jean Alesi,French,1989-07-09,25,2001-10-14,37
Jean-Pierre Jarier,French,1971-09-05,25,1983-10-15,37
Jim Hall,American,1960-11-20,25,1963-10-27,28
Johnny Herbert,British,1989-03-26,25,2000-10-22,36
Johnny Servoz-Gavin,French,1967-05-07,25,1970-05-10,28
Jolyon Palmer,British,2016-03-20,25,2017-10-08,26
Jonathan Williams,British,1967-10-22,25,1967-10-22,25
Justin Wilson,British,2003-03-09,25,2003-10-12,25
Luciano Burti,Brazilian,2000-07-16,25,2001-09-02,26
Lucien Bianchi,Belgian,1959-05-10,25,1968-11-03,34
Marc Gené,Spanish,1999-03-07,25,2004-07-11,30
Mark Blundell,British,1991-03-10,25,1995-11-12,29
Martin Brundle,British,1984-03-25,25,1996-10-13,37
Martin Donnelly,British,1989-07-09,25,1990-09-30,26
Masten Gregory,American,1957-05-19,25,1965-09-12,33
Maurício Gugelmin,Brazilian,1988-04-03,25,1992-11-08,29
Michele Alboreto,Italian,1981-05-03,25,1994-11-13,38
Mike MacDowel,British,1957-07-07,25,1957-07-07,25
Mike Sparken,French,1955-07-16,25,1955-07-16,25
Mike Taylor,British,1959-07-18,25,1960-06-19,26
Mário de Araújo Cabral,Portuguese,1959-08-23,25,1964-09-06,30
Naoki Hattori,Japanese,1991-10-20,25,1991-11-03,25
Nicholas Latifi,Canadian,2020-07-05,25,2022-07-31,27
Nicolas Kiesa,Danish,2003-08-03,25,2003-10-12,25
Noritake Takahara,Japanese,1976-10-24,25,1977-10-23,26
Olivier Beretta,Monegasque,1994-03-27,25,1994-08-14,25
Patrick Friesacher,Austrian,2005-03-06,25,2005-07-10,25
Paul di Resta,British,2011-03-27,25,2017-07-30,31
Pedro Diniz,Brazilian,1995-03-26,25,2000-10-22,30
Peter Ashdown,British,1959-07-18,25,1959-07-18,25
Peter Revson,American,1964-05-10,25,1974-01-27,35
Philippe Adams,Belgian,1994-08-28,25,1994-09-25,25
Piers Courage,British,1967-01-02,25,1970-06-21,28
Raul Boesel,Brazilian,1982-01-23,25,1983-10-15,26
Roger Williamson,British,1973-07-14,25,1973-07-29,25
Takuma Sato,Japanese,2002-03-03,25,2008-04-27,31
Tom Pryce,British,1974-05-12,25,1977-03-05,28
Tomáš Enge,Czech,2001-09-16,25,2001-10-14,25
Tony Shelly,New Zealander,1962-07-21,25,1962-09-16,25
Umberto Maglioli,Italian,1953-09-13,25,1957-08-04,29
Vitantonio Liuzzi,Italian,2005-04-24,25,2011-11-27,31
Éric Bernard,French,1989-07-09,25,1994-10-16,30
Alberto Rodriguez Larreta,Argentine,1960-02-07,26,1960-02-07,26
Ben Pon,Dutch,1962-05-20,26,1962-05-20,26
Bill Moss,British,1959-07-18,26,1959-07-18,26
Bob Sweikert,American,1952-05-30,26,1956-05-30,30
Bobby Ball,American,1951-05-30,26,1952-05-30,27
Christijan Albers,Dutch,2005-03-06,26,2007-07-08,28
Cliff Allison,British,1958-05-18,26,1961-06-18,29
Colin Davis,British,1959-07-05,26,1962-07-08,29
David Prophet,British,1963-12-28,26,1965-01-01,28
Dick Rathmann,American,1950-05-30,26,1960-05-30,36
Didier Pironi,French,1978-01-15,26,1982-08-08,30
Don Beauman,British,1954-07-17,26,1954-07-17,26
Franck Lagorce,French,1994-11-06,26,1994-11-13,26
François Cevert,French,1970-06-21,26,1973-10-07,29
Heikki Kovalainen,Finnish,2007-03-18,26,2013-11-24,32
Helmuth Koinigg,Austrian,1974-08-18,26,1974-10-06,26
Henri Pescarolo,French,1968-09-22,26,1976-10-10,34
Jackie Stewart,British,1965-01-01,26,1973-10-07,34
James Hunt,British,1973-06-03,26,1979-05-27,32
Jean-Christophe Boullion,French,1995-05-28,26,1995-10-22,26
Jerry Unser,American,1958-05-30,26,1958-05-30,26
Jimmy Bryan,American,1952-05-30,26,1960-05-30,34
Jo Bonnier,Swedish,1956-09-02,26,1971-10-03,41
Jo Siffert,Swiss,1962-06-03,26,1971-10-03,35
Joe James,American,1951-05-30,26,1952-05-30,27
John Miles,British,1969-07-06,26,1970-09-06,27
John Surtees,British,1960-05-29,26,1972-09-10,38
Juan Pablo Montoya,Colombian,2001-03-04,26,2006-07-02,31
Jérôme d'Ambrosio,Belgian,2011-03-27,26,2012-09-09,27
Karun Chandhok,Indian,2010-03-14,26,2011-07-24,27
Kenny Acheson,British,1983-07-16,26,1985-09-08,28
Lorenzo Bandini,Italian,1961-06-18,26,1967-05-07,32
Loris Kessel,Swiss,1976-05-02,26,1977-09-11,27
Lucas di Grassi,Brazilian,2010-03-14,26,2010-11-14,26
Luigi Taramazzo,Italian,1958-05-18,26,1958-05-18,26
Mark Webber,Australian,2002-03-03,26,2013-11-24,37
Massimiliano Papis,Italian,1995-07-16,26,1995-10-01,26
Massimo Natili,Italian,1961-07-15,26,1961-09-10,26
Nelson Piquet,Brazilian,1978-07-30,26,1991-11-03,39
Pastor Maldonado,Venezuelan,2011-03-27,26,2015-11-29,30
Pat O'Connor,American,1954-05-31,26,1958-05-30,30
Pedro Chaves,Portuguese,1991-03-10,26,1991-09-22,26
Rikky von Opel,Liechtensteiner,1973-07-01,26,1974-07-07,27
Robin Widdows,British,1968-07-20,26,1968-07-20,26
Ronnie Peterson,Swedish,1970-05-10,26,1978-09-10,34
Shinji Nakano,Japanese,1997-03-09,26,1998-11-01,27
Silvio Moser,Swiss,1967-07-15,26,1971-09-05,30
Thierry Boutsen,Belgian,1983-05-22,26,1993-08-29,36
Tony Marsh,British,1957-08-04,26,1962-08-05,31
Vitaly Petrov,Russian,2010-03-14,26,2012-11-25,28
Wayne Weiler,American,1960-05-30,26,1960-05-30,26
Yannick Dalmas,French,1987-10-18,26,1994-09-25,33
Adrián Campos,Spanish,1987-04-12,27,1988-06-12,28
Alessandro Nannini,Italian,1986-03-23,27,1990-09-30,31
Andrea de Adamich,Italian,1968-01-01,27,1973-07-14,32
Bertrand Gachot,Belgian,1989-03-26,27,1995-11-12,33
Bob Said,American,1959-12-12,27,1959-12-12,27
Boy Lunger,Dutch,1976-08-29,27,1977-08-28,28
Bruno Senna,Brazilian,2010-03-14,27,2012-11-25,29
Christian Danner,German,1985-09-15,27,1989-09-24,31
Dave Kennedy,Irish,1980-01-13,27,1980-06-29,27
Derek Bell,British,1968-09-08,27,1974-09-22,33
Derek Warwick,British,1981-05-03,27,1993-11-07,39
Desiré Wilson,South African,1980-07-13,27,1980-07-13,27
Domenico Schiattarella,Italian,1994-10-16,27,1995-05-28,28
Don Edmunds,American,1957-05-30,27,1957-05-30,27
Eliseo Salazar,Chilean,1981-03-15,27,1983-05-22,29
Emanuele Pirro,Italian,1989-07-09,27,1991-11-03,29
Geoff Lees,British,1978-07-16,27,1982-07-25,31
Giacomo Russo,Italian,1964-09-06,27,1966-09-04,29
Giancarlo Baghetti,Italian,1961-07-02,27,1967-09-10,33
Gilles Villeneuve,Canadian,1977-07-16,27,1982-05-09,32
Guy Tunmer,South African,1975-03-01,27,1975-03-01,27
Harald Ertl,Austrian,1975-08-03,27,1980-08-10,32
Heinz-Harald Frentzen,German,1994-03-27,27,2003-10-12,36
Henry Taylor,British,1959-07-18,27,1961-09-10,29
Ian Ashley,British,1974-08-04,27,1977-10-09,30
Ian Scheckter,South African,1974-03-30,27,1977-10-09,30
Jim Crawford,British,1975-07-19,27,1975-09-07,27
Jochen Mass,German,1973-07-14,27,1982-07-25,36
John Watson,British,1973-07-14,27,1985-10-06,39
Johnny Cecotto,Venezuelan,1983-03-13,27,1984-07-22,28
Jonathan Palmer,British,1983-09-25,27,1989-11-05,33
Juan Manuel Bordeu,Argentine,1961-07-02,27,1961-07-02,27
Julian Bailey,British,1988-04-03,27,1991-05-12,30
Kurt Ahrens,German,1967-08-06,27,1968-08-04,28
Markus Winkelhock,German,2007-07-22,27,2007-07-22,27
Michael May,Swiss,1961-05-14,27,1961-09-10,27
Mike Spence,British,1963-09-08,27,1968-01-01,32
Nigel Mansell,British,1980-08-17,27,1995-05-14,42
Pascal Fabre,French,1987-04-12,27,1987-09-27,27
Patrick Gaillard,French,1979-07-01,27,1979-08-26,27
Patrick Nève,Belgian,1976-05-16,27,1977-10-09,28
Peter Monteverdi,Swiss,1961-08-06,27,1961-08-06,27
Pierre-Henri Raphanel,French,1988-11-13,27,1989-11-05,28
Roelof Wunderink,Dutch,1975-04-27,27,1975-10-05,27
Rolf Stommelen,German,1970-03-07,27,1978-10-08,35
Sam Posey,American,1971-10-03,27,1972-10-08,28
Stefan Bellof,German,1984-03-25,27,1985-08-25,28
Stuart Lewis-Evans,British,1957-05-19,27,1958-10-19,28
Ted Whiteaway,British,1955-05-22,27,1955-05-22,27
Teo Fabi,Italian,1982-01-23,27,1987-11-15,32
Tim Parnell,British,1959-07-18,27,1963-08-04,31
Tim Schenken,Australian,1970-08-16,27,1974-10-06,31
Volker Weidler,German,1989-03-26,27,1989-08-13,27
Warwick Brown,Australian,1976-10-10,27,1976-10-10,27
Wolfgang Seidel,German,1953-08-02,27,1962-08-05,36
Aguri Suzuki,Japanese,1988-10-30,28,1995-10-29,35
Al Herman,American,1955-05-30,28,1960-05-30,33
Alex Ribeiro,Brazilian,1976-10-10,28,1979-10-07,31
Alfonso de Portago,Spanish,1956-07-01,28,1957-01-13,29
Andrea Chiesa,Swiss,1992-03-01,28,1992-07-26,28
André Milhoux,Belgian,1956-08-05,28,1956-08-05,28
Bernie Ecclestone,British,1958-05-18,28,1958-05-18,28
Bob Evans,British,1975-03-01,28,1976-07-18,29
Brendon Hartley,New Zealander,2017-10-22,28,2018-11-25,29
Carlos Pace,Brazilian,1972-03-04,28,1977-03-05,33
Colin Chapman,British,1956-07-01,28,1956-07-01,28
Dan Gurney,American,1959-07-05,28,1970-07-18,39
David Hobbs,British,1967-07-15,28,1974-09-08,35
David Purley,British,1973-06-03,28,1977-07-16,32
Desmond Titterington,British,1956-07-14,28,1956-07-14,28
Don Freeland,American,1953-05-30,28,1960-05-30,35
Ed Elisian,American,1954-05-31,28,1958-05-30,32
Eddie Irvine,British,1993-10-24,28,2002-10-13,37
Fabrizio Barbazza,Italian,1991-04-28,28,1993-07-04,30
Franck Montagny,French,2006-05-07,28,2006-07-16,28
François Hesnault,French,1984-03-25,28,1985-08-04,29
François Mazet,French,1971-07-04,28,1971-07-04,28
François Migault,French,1972-08-13,28,1975-07-06,31
Fred Gamble,American,1960-09-04,28,1960-09-04,28
Gerhard Mitter,German,1963-06-23,28,1965-08-01,30
Gerino Gerini,Italian,1956-01-22,28,1958-10-19,30
Giedo van der Garde,Dutch,2013-03-17,28,2013-11-24,28
Gunnar Nilsson,Swedish,1976-03-06,28,1977-10-23,29
Hans Binder,Austrian,1976-08-15,28,1978-08-13,30
Helmut Marko,Austrian,1971-08-15,28,1972-07-02,29
Ian Burgess,British,1958-07-19,28,1963-09-08,33
Jacques Villeneuve Sr.,Canadian,1981-09-27,28,1983-06-12,30
Jim Hurtubise,American,1960-05-30,28,1960-05-30,28
Johnny Dumfries,British,1986-03-23,28,1986-10-26,28
José Froilán González,Argentine,1950-05-21,28,1960-02-07,38
Larry Crockett,American,1954-05-31,28,1954-05-31,28
Marc Surer,Swiss,1979-09-09,28,1986-05-25,35
Marco Apicella,Italian,1993-09-12,28,1993-09-12,28
Mario Andretti,American,1968-10-06,28,1982-09-25,42
Mauro Baldi,Italian,1982-01-23,28,1985-05-05,31
Max Jean,French,1971-07-04,28,1971-07-04,28
Michael Bleekemolen,Dutch,1977-08-28,28,1978-10-08,29
Miguel Ángel Guerra,Argentine,1981-03-15,28,1981-05-03,28
Mika Salo,Finnish,1994-11-06,28,2002-10-13,36
Mike Parkes,British,1959-07-18,28,1967-06-18,36
Mike Wilds,British,1974-07-20,28,1976-07-18,30
Moisés Solana,Mexican,1963-10-27,28,1968-11-03,33
Narain Karthikeyan,Indian,2005-03-06,28,2012-11-25,35
Nasif Estéfano,Argentine,1960-02-07,28,1963-07-20,31
Nino Vaccarella,Italian,1961-09-10,28,1965-09-12,32
Olivier Panis,French,1994-03-27,28,2004-10-10,38
Onofre Marimón,Argentine,1951-07-01,28,1954-08-01,31
Paolo Barilla,Italian,1989-10-22,28,1990-09-30,29
Patrick Depailler,French,1972-07-02,28,1980-07-13,36
Patrick Tambay,French,1977-07-03,28,1986-10-26,37
Paul England,Australian,1957-08-04,28,1957-08-04,28
Paul Hawkins,Australian,1965-01-01,28,1965-08-01,28
Pedro de la Rosa,Spanish,1999-03-07,28,2012-11-25,41
Peter de Klerk,South African,1963-12-28,28,1970-03-07,35
Ralph Firman,Irish,2003-03-09,28,2003-10-12,28
Renato Pirocchi,Italian,1961-08-06,28,1961-09-10,28
Ricardo Rosset,Brazilian,1996-03-10,28,1998-11-01,30
Ronnie Bucknum,American,1964-08-02,28,1966-10-23,30
Stephen South,British,1980-03-30,28,1980-03-30,28
Torsten Palm,Swedish,1975-05-11,28,1975-06-08,28
Trevor Blokdyk,South African,1963-12-28,28,1965-01-01,30
Wolfgang von Trips,German,1956-09-02,28,1961-09-10,33
Érik Comas,French,1991-03-10,28,1994-11-06,31
Alan Jones,Australian,1975-04-27,29,1986-10-26,40
Alan Rees,British,1967-07-15,29,1967-08-06,29
Alessandro de Tomaso,Argentine-Italian,1957-01-13,29,1959-12-12,31
Andy Linden,American,1951-05-30,29,1957-05-30,35
Archie Scott Brown,British,1956-07-14,29,1956-07-14,29
Arturo Merzario,Italian,1972-07-15,29,1979-10-07,36
Basil van Rooyen,South African,1968-01-01,29,1969-03-01,30
Brian Henton,British,1975-07-19,29,1982-09-25,36
Dave Charlton,South African,1965-01-01,29,1975-03-01,39
David Piper,British,1959-07-18,29,1960-07-16,30
Denny Hulme,New Zealander,1965-05-30,29,1974-10-06,38
Eddie Keizan,South African,1973-03-03,29,1975-03-01,31
Elmer George,American,1957-05-30,29,1957-05-30,29
Eppie Wietzes,Canadian,1967-08-27,29,1974-09-22,36
Ernesto Brambilla,Italian,1963-09-08,29,1963-09-08,29
Franco Forini,Swiss,1987-09-06,29,1987-09-20,29
Gaetano Starrabba,Italian,1961-09-10,29,1963-09-08,31
Gary Brabham,Australian,1990-03-11,29,1990-03-25,29
Geoff Crossley,British,1950-05-13,29,1950-06-18,29
Gianfranco Brancatelli,Italian,1979-04-29,29,1979-05-27,29
Gijs van Lennep,Dutch,1971-06-20,29,1975-08-03,33
Giovanni de Riu,Italian,1954-09-05,29,1954-09-05,29
Graham Hill,British,1958-05-18,29,1975-05-11,46
Harry Schell,American,1950-05-21,29,1960-02-07,39
Hiroshi Fushida,Japanese,1975-06-22,29,1975-07-19,29
Ignazio Giunti,Italian,1970-06-07,29,1970-09-06,29
Innes Ireland,British,1959-05-31,29,1966-10-23,36
Jack Brabham,Australian,1955-07-16,29,1970-10-25,44
Jim Rigsby,American,1952-05-30,29,1952-05-30,29
Jimmy Daywalt,American,1953-05-30,29,1959-05-30,35
Joachim Winkelhock,German,1989-03-26,29,1989-07-09,29
Johnny Boyd,American,1955-05-30,29,1960-05-30,34
Kazuyoshi Hoshino,Japanese,1976-10-24,29,1977-10-23,30
Luigi Musso,Italian,1953-09-13,29,1958-07-06,34
Luis Pérez-Sala,Spanish,1988-04-03,29,1989-11-05,30
Manfred Winkelhock,German,1980-09-14,29,1985-08-04,34
Michel Leclère,French,1975-10-05,29,1976-07-04,30
Mikko Kozarowitzky,Finnish,1977-06-19,29,1977-07-16,29
Otto Stuppacher,Austrian,1976-09-12,29,1976-10-10,29
Pablo Birger,Argentine,1953-01-18,29,1955-01-16,31
Paddy Driver,South African,1963-12-28,29,1974-03-30,40
Paul Belmondo,French,1992-03-01,29,1994-11-13,31
Peter Arundell,British,1962-07-08,29,1966-10-23,33
Philippe Streiff,French,1984-10-21,29,1988-11-13,33
Piercarlo Ghinzani,Italian,1981-05-17,29,1989-11-05,37
Reine Wisell,Swedish,1970-10-04,29,1974-06-09,33
Renzo Zorzi,Italian,1975-09-07,29,1977-05-08,31
Roberto Mieres,Argentine,1953-06-07,29,1955-09-11,31
Siegfried Stohr,Italian,1981-03-15,29,1981-09-13,29
Sébastien Bourdais,French,2008-03-16,29,2009-07-12,30
Tiago Monteiro,Portuguese,2005-03-06,29,2006-10-22,30
Tiff Needell,British,1980-05-04,29,1980-05-18,29
Ukyo Katayama,Japanese,1992-03-01,29,1997-10-26,34
Vic Wilson,British,1960-09-04,29,1966-06-12,35
Wilson Fittipaldi,Brazilian,1972-05-01,29,1975-10-05,32
Adolfo Cruz,Argentine,1953-01-18,30,1953-01-18,30
Aldo Gordini,French,1951-07-01,30,1951-07-01,30
Andrea Montermini,Italian,1994-05-29,30,1996-07-14,32
Andy Sutcliffe,British,1977-07-16,30,1977-07-16,30
Bill Cheesbourg,American,1957-05-30,30,1959-05-30,32
Bob Veith,American,1956-05-30,30,1960-05-30,34
Brett Lunger,American,1975-08-17,30,1978-10-01,33
Carlo Abate,Italian,1962-07-08,30,1963-09-08,31
Carlos Reutemann,Argentine,1972-01-23,30,1982-03-21,40
Christian Goethals,Belgian,1958-08-03,30,1958-08-03,30
Claudio Langes,Italian,1990-03-11,30,1990-09-30,30
Cristiano da Matta,Brazilian,2003-03-09,30,2004-07-25,31
Damien Magee,British,1975-06-08,30,1976-07-04,31
David Walker,Australian,1971-06-20,30,1972-10-08,31
Eddie Russo,American,1955-05-30,30,1960-05-30,35
Eddie Sachs,American,1957-05-30,30,1960-05-30,33
Emilio de Villota,Spanish,1976-05-02,30,1982-07-03,36
Eric van de Poele,Belgian,1991-03-10,30,1992-09-13,31
Fritz Riess,German,1952-08-03,30,1952-08-03,30
Giorgio Francia,Italian,1977-09-11,30,1981-06-21,34
Graham Whitehead,British,1952-07-19,30,1952-07-19,30
Harry Blanchard,American,1959-12-12,30,1959-12-12,30
Herbert MacKay-Fraser,American,1957-07-07,30,1957-07-07,30
Hernando da Silva Ramos,Brazilian,1955-06-19,30,1956-09-02,31
Howden Ganley,New Zealander,1971-03-06,30,1974-08-04,33
Huub Rothengatter,Dutch,1984-06-17,30,1986-10-26,32
Jackie Holmes,American,1950-05-30,30,1953-05-30,33
Jean-Marc Gounon,French,1993-10-24,30,1994-09-25,31
Jean-Pierre Beltoise,French,1967-05-07,30,1974-10-06,37
Jo Gartner,Austrian,1984-05-06,30,1984-10-21,30
John Riseley-Prichard,British,1954-07-17,30,1954-07-17,30
José Dolhem,French,1974-07-07,30,1974-10-06,30
Keke Rosberg,Finnish,1978-03-04,30,1986-10-26,38
Ludovico Scarfiotti,Italian,1963-06-09,30,1968-05-26,35
Manny Ayulo,American,1951-05-30,30,1954-05-31,33
Mike Nazaruk,American,1951-05-30,30,1954-05-31,33
Nanni Galli,Italian,1970-09-06,30,1973-06-03,33
Paco Godia,Spanish,1951-10-28,30,1958-07-06,37
Peter Gethin,British,1970-06-21,30,1974-07-20,34
Philippe Alliot,French,1984-03-25,30,1994-08-28,40
Red Amick,American,1959-05-30,30,1960-05-30,31
René Arnoux,French,1978-03-04,30,1989-11-05,41
Ricardo Zunino,Argentine,1979-09-30,30,1981-04-12,32
Richard Robarts,British,1974-01-13,30,1974-06-09,30
Richie Ginther,American,1960-05-29,30,1967-05-07,37
Rodger Ward,American,1951-05-30,30,1963-10-06,42
Roy Salvadori,British,1952-07-19,30,1962-12-29,40
Theo Fitzau,East German,1953-08-02,30,1953-08-02,30
Walt Faulkner,American,1950-05-30,30,1955-05-30,35
Willi Heeks,German,1952-08-03,30,1953-08-02,31
Alberto Uria,Uruguayan,1955-01-16,31,1956-01-22,32
André Simon,French,1951-07-01,31,1957-09-08,37
Bernard Collomb,French,1961-07-02,31,1964-05-10,34
Bertil Roos,Swedish,1974-06-09,31,1974-06-09,31
Brian Gubby,British,1965-07-10,31,1965-07-10,31
Brian Hart,British,1967-08-06,31,1967-08-06,31
Brian Redman,British,1968-01-01,31,1974-05-26,37
Cecil Green,American,1950-05-30,31,1951-05-30,32
Clay Regazzoni,Swiss,1970-06-21,31,1980-03-30,41
Dave Morgan,British,1975-07-19,31,1975-07-19,31
Dempsey Wilson,American,1958-05-30,31,1960-05-30,33
Duncan Hamilton,British,1951-07-14,31,1953-07-18,33
Giorgio Bassi,Italian,1965-09-12,31,1965-09-12,31
Günther Bechem,German,1952-08-03,31,1953-08-02,32
Jack McGrath,American,1950-05-30,31,1955-05-30,36
Jackie Pretorius,South African,1965-01-01,31,1973-03-03,39
Jacques Laffite,French,1974-08-04,31,1986-07-13,43
Jean Behra,French,1952-05-18,31,1959-07-05,38
Jean-Denis Délétraz,Swiss,1994-11-13,31,1995-10-01,32
John Campbell-Jones,British,1961-08-06,31,1963-07-20,33
John Taylor,British,1964-07-11,31,1966-08-07,33
Johnny Thomson,American,1953-05-30,31,1960-05-30,38
Jorge Daponte,Argentine,1954-01-17,31,1954-09-05,31
Leo Kinnunen,Finnish,1974-05-12,31,1974-09-08,31
Masahiro Hasemi,Japanese,1976-10-24,31,1976-10-24,31
Menato Boffa,Italian,1961-09-10,31,1961-09-10,31
Michael Andretti,American,1993-03-14,31,1993-09-12,31
Mike Beuttler,British,1971-07-17,31,1973-10-07,33
Olivier Grouillard,French,1989-03-26,31,1992-11-08,34
Perry McCarthy,British,1992-05-03,31,1992-08-30,31
Phil Hill,American,1958-07-06,31,1966-09-04,39
Piero Carini,Italian,1952-07-06,31,1953-09-13,32
Ron Flockhart,British,1954-07-17,31,1960-11-20,37
Taki Inoue,Japanese,1994-11-06,31,1995-11-12,32
Vern Schuppan,Australian,1974-05-12,31,1977-08-28,34
Vincenzo Sospiri,Italian,1997-03-09,31,1997-03-09,31
Yuji Ide,Japanese,2006-03-12,31,2006-04-23,31
Alberto Ascari,Italian,1950-05-21,32,1955-05-22,37
Alberto Colombo,Italian,1978-05-21,32,1978-09-10,32
Alberto Crespo,Argentine,1952-09-07,32,1952-09-07,32
André Testut,Monegasque,1958-05-18,32,1959-05-10,33
Art Bisch,American,1958-05-30,32,1958-05-30,32
Bob Anderson,British,1963-07-20,32,1967-07-15,36
Bob Bondurant,American,1965-10-03,32,1966-10-23,33
Bob Christie,American,1956-05-30,32,1960-05-30,36
Brian McGuire,Australian,1977-07-16,32,1977-07-16,32
Bud Tingelstad,American,1960-05-30,32,1960-05-30,32
Chris Craft,British,1971-09-19,32,1971-10-03,32
Chuck Stevenson,American,1951-05-30,32,1960-05-30,41
Chuck Weyant,American,1955-05-30,32,1959-05-30,36
Damon Hill,British,1992-05-03,32,1999-10-31,39
Divina Galica,British,1976-07-18,32,1978-01-29,34
Emilio Zapico,Spanish,1976-05-02,32,1976-05-02,32
Eric Brandon,British,1952-05-18,32,1954-07-17,34
Ernie McCoy,American,1953-05-30,32,1954-05-31,33
Gino Munaron,Italian,1960-02-07,32,1960-09-04,32
Guy Edwards,British,1974-01-13,32,1977-07-16,35
Heinz Schiller,Swiss,1962-06-17,32,1962-08-05,32
Hubert Hahne,German,1967-08-06,32,1970-08-02,35
Jac Nelleman,Danish,1976-06-13,32,1976-06-13,32
Jacques Pollet,French,1954-07-04,32,1955-09-11,33
Jean-Pierre Jabouille,French,1974-07-07,32,1981-06-21,39
Jim McWithey,American,1959-05-30,32,1960-05-30,33
Johnnie Parsons,American,1950-05-30,32,1958-05-30,40
Kenneth McAlpine,British,1952-07-19,32,1955-07-16,35
Kurt Adolff,German,1953-08-02,32,1953-08-02,32
Leslie Marr,British,1954-07-17,32,1955-07-16,33
Lloyd Ruby,American,1960-05-30,32,1961-10-08,33
Maria de Filippis,Italian,1958-05-18,32,1959-05-10,33
Marshall Teague,American,1953-05-30,32,1957-05-30,36
Olivier Gendebien,Belgian,1956-01-22,32,1961-10-08,37
Peter Westbury,British,1970-10-04,32,1970-10-04,32
Ricardo Londoño,Colombian,1981-03-29,32,1981-03-29,32
Teddy Pilette,Belgian,1974-05-12,32,1977-09-11,35
Tom Belsø,Danish,1974-03-30,32,1974-07-20,32
Tony Crook,British,1952-07-19,32,1953-07-18,33
Tony Gaze,Australian,1952-06-22,32,1952-09-07,32
Tony Rolt,British,1950-05-13,32,1955-07-16,37
Tony Trimmer,British,1975-08-03,32,1978-07-16,35
Willy Mairesse,Belgian,1960-06-19,32,1963-08-04,35
Alan Brown,British,1952-05-18,33,1954-07-17,35
Alex Blignaut,South African,1965-01-01,33,1965-01-01,33
Allan McNish,British,2002-03-03,33,2002-10-13,33
André Lotterer,German,2014-08-24,33,2014-08-24,33
André Pilette,Belgian,1951-06-17,33,1964-08-02,46
Bill Brack,Canadian,1968-09-22,33,1972-09-24,37
Bill Vukovich,American,1951-05-30,33,1955-05-30,37
Chris Lawrence,British,1966-07-16,33,1966-08-07,33
Chuck Arnold,American,1959-05-30,33,1959-05-30,33
Danny Sullivan,American,1983-03-13,33,1983-10-15,33
David Hampshire,British,1950-05-13,33,1950-07-02,33
Dries van der Lof,Dutch,1952-08-17,33,1952-08-17,33
Eddie Johnson,American,1952-05-30,33,1960-05-30,41
Eric Thompson,British,1952-07-19,33,1952-07-19,33
Giovanna Amati,Italian,1992-03-01,33,1992-04-05,33
Graham McRae,New Zealander,1973-07-14,33,1973-07-14,33
Gus Hutchison,American,1970-10-04,33,1970-10-04,33
Hans Klenk,German,1952-08-03,33,1952-08-03,33
Hap Sharp,American,1961-10-08,33,1964-10-25,36
Jan Flinterman,Dutch,1952-08-17,33,1952-08-17,33
Jesús Iglesias,Argentine,1955-01-16,33,1955-01-16,33
Jo Vonlanthen,Swiss,1975-08-17,33,1975-08-17,33
John Nicholson,New Zealander,1974-07-20,33,1975-07-19,34
Lance Macklin,British,1952-05-18,33,1955-07-16,36
Lella Lombardi,Italian,1974-07-20,33,1976-08-15,35
Len Sutton,American,1958-05-30,33,1960-05-30,35
Maurice Trintignant,French,1950-05-21,33,1964-09-06,47
Paul Goldsmith,American,1958-05-30,33,1960-05-30,35
Pete Lovely,American,1959-05-10,33,1971-10-03,45
Ray Reed,South African,1965-01-01,33,1965-01-01,33
Rob Slotemaker,Dutch,1962-05-20,33,1962-05-20,33
Robert Manzon,French,1950-05-21,33,1956-09-02,39
Vic Elford,British,1968-07-07,33,1971-08-01,36
Óscar González,Uruguayan,1956-01-22,33,1956-01-22,33
Alessandro Pesenti-Rossi,Italian,1976-08-01,34,1976-09-12,34
Art Cross,American,1952-05-30,34,1955-05-30,37
Bobby Unser,American,1968-10-06,34,1968-10-06,34
Brian Naylor,British,1957-08-04,34,1961-09-10,38
Clemar Bucci,Argentine,1954-07-17,34,1955-01-16,35
David Clapham,South African,1965-01-01,34,1965-01-01,34
Frank Gardner,Australian,1964-07-11,34,1968-09-08,38
George Amick,American,1958-05-30,34,1958-05-30,34
Gérard Larrousse,French,1974-05-12,34,1974-07-07,34
Hans Heyer,German,1977-07-31,34,1977-07-31,34
Ivor Bueb,British,1957-05-19,34,1959-07-18,36
John Cordts,Canadian,1969-09-20,34,1969-09-20,34
Johnny Claes,Belgian,1950-05-13,34,1955-06-19,39
Mark Donohue,American,1971-09-19,34,1975-08-17,38
Max de Terra,Swiss,1952-05-18,34,1953-08-23,35
Oscar Larrauri,Argentine,1988-04-03,34,1989-11-05,35
Piero Drogo,Italian,1960-09-04,34,1960-09-04,34
Roberto Bussinello,Italian,1961-09-10,34,1965-09-12,38
Roland Ratzenberger,Austrian,1994-03-27,34,1994-05-01,34
Satoru Nakajima,Japanese,1987-04-12,34,1991-11-03,38
Toni Branca,Swiss,1950-06-04,34,1951-07-29,35
Tony Bettenhausen,American,1950-05-30,34,1960-05-30,44
Al Keller,American,1955-05-30,35,1959-05-30,39
Bobby Grim,American,1959-05-30,35,1960-05-30,36
Brian Shawe Taylor,British,1950-05-13,35,1951-07-14,36
Carroll Shelby,American,1958-07-06,35,1959-09-13,36
Cliff Griffith,American,1951-05-30,35,1956-05-30,40
Danny Ongais,American,1977-10-02,35,1978-08-27,36
Dieter Quester,Austrian,1974-08-18,35,1974-08-18,35
Eugène Martin,French,1950-05-13,35,1950-06-04,35
Fred Wacker,American,1953-06-21,35,1954-09-05,36
Gene Force,American,1951-05-30,35,1960-05-30,44
George Fonder,American,1952-05-30,35,1954-05-31,37
Georges Berger,Belgian,1953-06-21,35,1954-07-04,36
Giorgio Scarlatti,Italian,1956-05-13,35,1961-07-02,40
Giulio Cabianca,Italian,1958-05-18,35,1960-09-04,37
Heini Walter,Swiss,1962-08-05,35,1962-08-05,35
Jean-Louis Schlesser,French,1983-04-17,35,1988-09-11,40
Joe Fry,British,1950-05-13,35,1950-05-13,35
Johnny Mantz,American,1953-05-30,35,1953-05-30,35
Johnny McDowell,American,1950-05-30,35,1952-05-30,37
Jud Larson,American,1958-05-30,35,1959-05-30,36
Keith Andrews,American,1955-05-30,35,1956-05-30,36
Ken Downing,British,1952-07-19,35,1952-08-17,35
Ken Kavanagh,Australian,1958-05-18,35,1958-05-18,35
Mack Hellings,American,1950-05-30,35,1951-05-30,36
Paul Frère,Belgian,1952-06-22,35,1956-06-03,39
Roberto Lippi,Italian,1961-09-10,35,1963-09-08,37
Skip Barber,American,1971-05-23,35,1972-10-08,36
Slim Borgudd,Swedish,1981-05-03,35,1982-04-04,36
Antonio Creus,Spanish,1960-02-07,36,1960-02-07,36
Bayliss Levrett,American,1950-05-30,36,1950-05-30,36
Bill Homeier,American,1954-05-31,36,1960-05-30,42
Bob Gerard,British,1950-05-13,36,1957-07-20,43
Dennis Poore,British,1952-07-19,36,1952-09-07,36
Edgar Barth,German,1953-08-02,36,1964-08-02,47
Frank Armi,American,1954-05-31,36,1954-05-31,36
Gino Bianco,Brazilian,1952-07-19,36,1952-09-07,36
Guy Ligier,French,1966-05-22,36,1967-10-22,37
Horace Gould,British,1954-07-17,36,1960-09-04,42
Jack Turner,American,1956-05-30,36,1959-05-30,39
Jean Lucienbonnet,French,1959-05-10,36,1959-05-10,36
John Fitch,American,1953-09-13,36,1955-09-11,38
Ken Wharton,British,1952-05-18,36,1955-09-11,39
Les Leston,British,1956-09-02,36,1957-07-20,37
Luiz Bueno,Brazilian,1973-02-11,36,1973-02-11,36
Oswald Karch,German,1953-08-02,36,1953-08-02,36
Paul Russo,American,1950-05-30,36,1959-05-30,45
Peter Whitehead,British,1950-05-21,36,1954-07-17,40
Prince Bira,Thai,1950-05-13,36,1954-10-24,40
Rob Schroeder,British,1962-10-07,36,1962-10-07,36
Sam Hanks,American,1950-05-30,36,1957-05-30,43
Shorty Templeman,American,1955-05-30,36,1960-05-30,41
Tony Settember,American,1962-07-21,36,1963-09-08,37
Toulo de Graffenried,Swiss,1950-05-13,36,1956-09-02,42
Alain de Changy,Belgian,1959-05-10,37,1959-05-10,37
Azdrubal Fontes,Uruguayan,1959-07-05,37,1959-07-05,37
Carl Scarborough,American,1951-05-30,37,1953-05-30,39
Chuck Daigh,American,1960-05-29,37,1960-11-20,37
Conny Andersson,Swedish,1976-08-29,37,1977-07-03,38
Danny Kladis,American,1954-05-31,37,1954-05-31,37
Duane Carter,American,1950-05-30,37,1960-05-30,47
Duke Dinsmore,American,1950-05-30,37,1956-05-30,43
François Picard,French,1958-10-19,37,1958-10-19,37
Fred Agabashian,American,1950-05-30,37,1957-05-30,44
Giovanni Lavaggi,Italian,1995-07-30,37,1996-10-13,38
Helmut Niedermayr,German,1952-08-03,37,1952-08-03,37
Henry Banks,American,1950-05-30,37,1952-05-30,39
Jay Chamberlain,American,1962-07-21,37,1962-09-16,37
Joe Kelly,Irish,1950-05-13,37,1951-07-14,38
John James,British,1951-07-14,37,1951-07-14,37
Kunimitsu Takahashi,Japanese,1977-10-23,37,1977-10-23,37
Luki Botha,South African,1967-01-02,37,1967-01-02,37
Mike Magill,American,1957-05-30,37,1959-05-30,39
Ottorino Volonterio,Swiss,1954-10-24,37,1957-09-08,40
Peter Broeker,Canadian,1963-10-06,37,1963-10-06,37
Robin Montgomerie-Charrington,British,1952-06-22,37,1952-06-22,37
Vittorio Brambilla,Italian,1974-03-30,37,1980-09-14,43
Walt Ader,American,1950-05-30,37,1950-05-30,37
Alex Soler-Roig,Spanish,1970-04-19,38,1972-05-01,40
Alfredo Pián,Argentine,1950-05-21,38,1950-05-21,38
Dennis Taylor,British,1959-07-18,38,1959-07-18,38
Duke Nalon,American,1951-05-30,38,1953-05-30,40
Ernesto Prinoth,Italian,1961-09-10,38,1962-09-16,39
Geoff Duke,British,1961-08-06,38,1961-08-06,38
George Abecassis,British,1951-05-27,38,1952-05-18,39
Jean Lucas,French,1955-09-11,38,1955-09-11,38
John Cannon,Canadian,1971-10-03,38,1971-10-03,38
John Love,Rhodesian,1962-12-29,38,1972-03-04,48
John Rhodes,British,1965-07-10,38,1965-07-10,38
Joie Chitwood,American,1950-05-30,38,1950-05-30,38
Josef Peters,German,1952-08-03,38,1952-08-03,38
Leslie Johnson,British,1950-05-13,38,1950-05-13,38
Leslie Thorne,British,1954-07-17,38,1954-07-17,38
Myron Fohr,American,1950-05-30,38,1950-05-30,38
Peter Walker,British,1950-05-13,38,1955-07-16,43
Toshio Suzuki,Japanese,1993-10-24,38,1993-11-07,38
Élie Bayol,French,1952-09-07,38,1956-05-13,42
André Guelfi,French,1958-10-19,39,1958-10-19,39
Cal Niday,American,1953-05-30,39,1955-05-30,41
Carlo Facetti,Italian,1974-09-08,39,1974-09-08,39
Carlos Menditeguy,Argentine,1953-01-18,39,1960-02-07,46
Consalvo Sanesi,Italian,1950-09-03,39,1951-07-14,40
Dick Gibson,British,1957-08-04,39,1958-08-03,40
Don Branson,American,1959-05-30,39,1960-05-30,40
Ettore Chimeri,Venezuelan,1960-02-07,39,1960-02-07,39
George Follmer,American,1973-03-03,39,1973-10-07,39
Jo Schlesser,French,1967-08-06,39,1968-07-07,40
Johnnie Tolan,American,1956-05-30,39,1958-05-30,41
Juan Fangio,Argentine,1950-05-13,39,1958-07-06,47
Nello Pagani,Italian,1950-06-04,39,1950-06-04,39
Paul Pietsch,German,1950-09-03,39,1952-08-03,41
Reg Parnell,British,1950-05-13,39,1954-07-17,43
Roger Laurent,Belgian,1952-06-22,39,1952-08-03,39
Rudi Fischer,Swiss,1951-05-27,39,1952-09-07,40
Theo Helfrich,German,1952-08-03,39,1954-08-01,41
Walt Brown,American,1950-05-30,39,1951-05-30,40
Alfonso Thiele,American-Italian,1960-09-04,40,1961-09-10,41
Carl Forberg,American,1951-05-30,40,1951-05-30,40
Carlo Franchi,Italian,1978-09-10,40,1978-09-10,40
Guy Mairesse,French,1950-09-03,40,1951-07-01,41
Henri Louveau,French,1950-09-03,40,1951-05-27,41
Jack Fairman,British,1953-07-18,40,1961-09-10,48
Jimmy Jackson,American,1950-05-30,40,1954-05-31,44
Ken Richardson,British,1951-09-16,40,1951-09-16,40
Lee Wallard,American,1950-05-30,40,1951-05-30,41
Oscar Gálvez,Argentine,1953-01-18,40,1953-01-18,40
Paul Emery,British,1956-07-14,40,1958-05-18,42
Ray Crawford,American,1955-05-30,40,1959-05-30,44
Travis Webb,American,1950-05-30,40,1954-05-31,44
Bill Schindler,American,1950-05-30,41,1952-05-30,43
Bob Drake,American,1960-11-20,41,1960-11-20,41
Charles Pozzi,French,1950-07-02,41,1950-07-02,41
David Murray,British,1950-05-13,41,1952-07-19,43
Dorino Serafini,Italian,1950-09-03,41,1950-09-03,41
Erwin Bauer,German,1953-08-02,41,1953-08-02,41
George Constantine,American,1959-12-12,41,1959-12-12,41
Luigi Villoresi,Italian,1950-05-21,41,1956-09-02,47
Peter Hirt,Swiss,1951-05-27,41,1953-08-23,43
Robert La Caze,French,1958-10-19,41,1958-10-19,41
Roberto Bonomi,Argentine,1960-02-07,41,1960-02-07,41
Sam Tingle,Rhodesian,1962-12-29,41,1969-03-01,48
Bill Cantrell,American,1950-05-30,42,1950-05-30,42
Doug Serrurier,South African,1962-12-29,42,1965-01-01,45
Franco Rol,Italian,1950-05-21,42,1952-09-07,44
Ian Raby,British,1963-07-20,42,1965-08-01,44
Luigi Piotti,Italian,1955-09-11,42,1958-05-18,45
Syd van der Vyver,South African,1962-12-29,42,1962-12-29,42
Walt Hansgen,American,1961-10-08,42,1964-10-04,45
Bill Holland,American,1950-05-30,43,1953-05-30,46
Eugène Chaboud,French,1950-06-18,43,1951-07-01,44
Frank Dochnal,American,1963-10-27,43,1963-10-27,43
Ken Miles,British,1961-10-08,43,1961-10-08,43
Len Duncan,American,1954-05-31,43,1954-05-31,43
Marcel Balsa,French,1952-08-03,43,1952-08-03,43
Phil Cade,American,1959-12-12,43,1959-12-12,43
Chico Landi,Brazilian,1951-09-16,44,1956-01-22,49
Cuth Harrison,British,1950-05-13,44,1950-09-03,44
Franco Comotti,Italian,1950-09-03,44,1952-07-06,46
George Connor,American,1950-05-30,44,1952-05-30,46
Hermann Lang,German,1953-08-23,44,1954-08-01,45
Karl Kling,German,1954-07-04,44,1955-09-11,45
Mauri Rose,American,1950-05-30,44,1951-05-30,45
Nino Farina,Italian,1950-05-13,44,1955-09-11,49
Philip Fotheringham-Parker,British,1951-07-14,44,1951-07-14,44
Piero Taruffi,Italian,1950-09-03,44,1956-09-02,50
Raymond Sommer,French,1950-05-21,44,1950-09-03,44
Robert O'Brien,American,1952-06-22,44,1952-06-22,44
Albert Scherrer,Swiss,1953-08-23,45,1953-08-23,45
Arthur Owen,British,1960-09-04,45,1960-09-04,45
Bill Whitehouse,British,1954-07-17,45,1954-07-17,45
Louis Rosier,French,1950-05-13,45,1956-08-05,51
Pierre Levegh,French,1950-06-18,45,1951-09-16,46
Rudolf Krause,East German,1952-08-03,45,1953-08-02,46
Al Pease,Canadian,1967-08-27,46,1969-09-20,48
Eitel Cantoni,Uruguayan,1952-07-19,46,1952-09-07,46
Ernst Loof,German,1953-08-02,46,1953-08-02,46
Georges Grignard,French,1951-10-28,46,1951-10-28,46
Toni Ulmen,German,1952-05-18,46,1952-08-03,46
Yves Cabantous,French,1950-05-13,46,1953-09-13,49
Felice Bonetto,Italian,1950-06-04,47,1953-09-13,50
Piero Scotti,Italian,1956-06-03,47,1956-06-03,47
Roger Loyer,French,1954-01-17,47,1954-01-17,47
Juan Jover,Spanish,1951-10-28,48,1951-10-28,48
Chet Miller,American,1951-05-30,49,1952-05-30,50
Ernst Klodwig,East German,1952-08-03,49,1953-08-02,50
Rudolf Schoeller,Swiss,1952-08-03,50,1952-08-03,50
Louis Chiron,Monegasque,1950-05-13,51,1958-05-18,59
Bill Aston,British,1952-07-19,52,1952-09-07,52
Clemente Biondetti,Italian,1950-09-03,52,1950-09-03,52
Hans von Stuck,German,1952-05-18,52,1953-09-13,53
Kurt Kuhnke,German,1962-09-16,52,1963-08-04,53
Luigi Fagioli,Italian,1950-05-13,52,1951-07-01,53
Adolf Brudes,German,1952-08-03,53,1952-08-03,53
Piero Dusio,Italian,1952-09-07,53,1952-09-07,53
Arthur Legat,Belgian,1952-06-22,54,1953-06-21,55
Philippe Étancelin,French,1950-05-13,54,1952-07-06,56
